channel_name,category,subscribers
Jess No Limit,Humor | Video games,48800000
Ricis Official,Daily vlogs,45300000
Frost Diamond,Animation | Video games,37800000
AH,Daily vlogs,31300000
Rans Entertainment,Humor | Daily vlogs | Food & Drinks,26200000
Deddy Corbuzier,Podcast,22600000
MiawAug,Video games,21900000
Baim Paula,Humor | Daily vlogs,21300000
Nasya Official,Humor | Toys,20900000
Yudist Ardhana,Humor | Daily vlogs | Food & Drinks,20900000
Vilmei,Daily vlogs | Food & Drinks,19400000
tanboy kun,Food & Drinks,18800000
GEN HALILINTAR,Daily vlogs,18700000
Klara Tania,Movies | Humor,18400000
Arif muhammad,Show | Humor,17300000
Dyland PROS,Video games,16300000
Bobon Santoso,Food & Drinks,16100000
Daftar Populer,Science & Technology,15700000
Kerajinan 5-Menit,DIY & Life Hacks,15500000
BUDI01 GAMING,Video games,14000000
Kaleb Andri,Movies | Animation | Humor,14000000
Cheryl Antoinette,Movies | Mystery,13100000
Windah Basudara,Video games,13000000
Aishwa Nahla Official,Music & Dance,13000000
Hariyo Ardhito,Food & Drinks | Humor,12600000
GadgetIn,Science & Technology,12200000
Wisnu Trijaya,Food & Drinks | Toys,12200000
FrontaL Gaming,Video games,12100000
Si Bocil - Bocah Cilik,Show | Humor,12100000
Jessica Jane,Food & Drinks,11600000
itsmeissie,Daily vlogs,11600000
Ale Khin,Movies,11400000
RIYAN PEOTT,Daily vlogs,11200000
The LetsPlay Family,Food & Drinks | Toys,11000000
Islam Populer,Science & Technology | Education,10700000
Jeevan Akawa,Movies | Animation,10700000
WARINTIL OFFICIAL,Show | Humor,10600000
Nessie Judge,Mystery,10500000
Nihongo Mantappu,Daily vlogs | Food & Drinks,10400000
Sara Wijayanto,Mystery,10400000
SULE PRODUCTIONS,Humor,10300000
Raditya Dika,Podcast,10300000
Ani Nurhayani,Video games,10300000
efdewe,Video games,10300000
Yosua Andre,Movies,10200000
Najwa Shihab,News & Politics,10000000
Panji Petualang,Animal & Pets,10000000
LetDa Hyper,Video games,10000000
animasinopal,Movies | Animation,9900000
Rendy Rangers,Video games,9700000
CnX Adventurers,Show | Humor,9600000
deHakims channel,Daily vlogs | Animal & Pets,9600000
Nadia Omara,Mystery,9600000
Cerita jekho,Humor,9300000
NussaOfficial,Animation,9300000
The Onsu Family,Family & Parenting | Daily vlogs,9200000
Maell Lee,Show | Humor,8800000
Rizalmuk,Humor,8600000
Ninis marsela,Humor,8600000
kemas pake z,Daily vlogs | Food & Drinks,8400000
Mikael Family,Mystery,8400000
MOP Channel,News & Politics | Mystery,8300000
ibnu wardani,Daily vlogs,8300000
fikrifadlu,Show | Humor,8300000
TRI SUAKA CHANNEL,Daily vlogs | Music & Dance,8200000
Oura,Video games,8200000
Erpan1140,Humor,8100000
Putih Abu-Abu,Music & Dance,8100000
musisi jogja project,Music & Dance,8000000
Sisca Kohl,Food & Drinks,8000000
Abil Fatan Key,Humor| Show,7900000
Evelyn Samantha,Daily vlogs | Humor,7900000
Calon Sarjana,Mystery | Humor,7800000
123 GO! Indonesian,Music & Dance | Movies,7800000
Direy Dealova,Design/art | Daily vlogs,7800000
Azuya Surya,Animation,7600000
Angga candraa,Music & Dance,7600000
Mukbang Bersama Bent,ASMR | Food & Drinks,7500000
Tenny TAP TV,Movies,7500000
Kang Ujang Busthomi cirebon,Mystery,7300000
Rasyah Rasyid,Video games,7300000
SunnydahyeIn,Daily vlogs,7200000
TAULANY TV,Daily vlogs,7200000
Timotius Mulyadi,Daily vlogs,7200000
Sarah Viloid,Video games,7000000
SAM si JELI LINCAH,DIY & Life Hacks,6900000
MARKOCOP,Video games,6800000
Michaelrendyw,Family & Parenting | Daily vlogs,6800000
Teguh Sugianto,Video games,6800000
Rere Channel,Daily vlogs | Humor,6800000
Jurnal Risa,Mystery,6800000
BrandonKent Everything,Video games,6700000
Hobby Makan,Food & Drinks,6600000
Alshad Ahmad,Animal & Pets,6600000
BeaconCream,Video games,6500000
Obbyphy,Humor,6500000
The Hermansyah A6,Daily vlogs,6500000
Fiki Naki,Show| Humor,6500000
sidul tube channel,Science & Technology,6500000
Kulgar,Movies | Video games,6500000
Jonathan Liandi,Video games,6400000
Cepcill,Video games,6400000
iWil Network,News & Politics | Podcast,6300000
bobacott,Video games | DIY & Life Hacks,6300000
Jessica Effendy,ASMR | Daily vlogs,6200000
BW.,Humor | Show,6100000
DENNY CAKNAN,Music & Dance,6100000
CURHAT BANG Denny Sumargo,Podcast,6000000
Rafli Channel,Video games,6000000
Vincent Raditya,Education,6000000
Dista Mikhayla,Humor | Daily vlogs,6000000
Picky Picks,Video games,5900000
Warganet Life Official,Animation,5900000
Mang Yellow,Video games,5900000
Vando1806,Humor,5800000
Maul Ibra,Animation | Video games,5800000
Bang PASPUN TV,Humor,5800000
Crazy Nikmir REAL,Daily vlogs | Food & Drinks,5700000
123 GO! CHALLENGE Indonesian,DIY & Life Hacks | Movies,5700000
Arinaga Family,Music & Dance | Daily vlogs,5700000
celloszxz,Animation,5600000
BAGAS CRAFT,Animation,5600000
Al-Bahjah TV,Education,5600000
Londokampung,Humor | Daily vlogs,5600000
WooHoo Indonesia,Movies,5600000
IQ7,Movies,5500000
Salsa and Family,Daily vlogs,5500000
RRQ Lemon,Video games,5500000
MAQ,Science & Technology,5500000
Ismi n Hidayah,Daily vlogs | Humor,5400000
Korea Reomit,Mystery | Food & Drinks,5400000
Felix Official,Music & Dance,5400000
Obit,Video games,5300000
LESTI CHANNEL,Daily vlogs,5300000
Valen Rewah,Show | Humor,5300000
Irene Suwandi,DIY & Life Hacks,5300000
Raisafa Twins,Show| Humor,5300000
NOTiF,Science & Technology,5300000
PaYuDan,Video games,5300000
Vernalta,Animation | Video games,5200000
BodyFit By Bagus,Music & Dance,5200000
Eks Sam,Animation | Video games,5200000
Pratama Eriz,Movies | Video games,5200000
HITS Records,Music & Dance,5200000
Tekotok,Movies | Animation,5200000
Kamar JERI,Daily vlogs,5200000
Stefina Chintara,Movies,5200000
Praya Brother,Daily vlogs,5100000
Diva The Series Official,Music & Dance | Movies,5100000
"dr. Richard Lee, MARS",Animation,5100000
Kok Bisa?,Science & Technology,5100000
MD Animation,Music & Dance | Movies,5100000
NABILA SUAKA,Music & Dance,5000000
Ammar TV,Education,5000000
Pratiwi Noviyanthi,Music & Dance | Movies,5000000
dede inoen,Movies,5000000
Alviand Miracle,Daily vlogs,5000000
Nex Carlos,Movies,5000000
Farida Nurhan,Music & Dance,5000000
Adi Hidayat Official,Science & Technology,5000000
GARUDA WISNU SATRIA MUDA,Music & Dance | Movies,5000000
Sptrakori_Official,Music & Dance | Animation,4900000
Gritte Agatha,Animation | Humor,4900000
KANG DEDI MULYADI CHANNEL,Music & Dance,4900000
Dhan Cool,Video games | Animation,4900000
Day Helder,Movies | Animation,4900000
Syam Kapuk,DIY & Life Hacks | Science & Technology,4900000
UYE tone,Music & Dance,4800000
The Sungkars,Movies | Animation,4800000
Gerrard Wijaya,Music & Dance | Video games,4800000
Mama Abil,Movies | Humor,4800000
WILSON SINAII,Movies | Humor,4800000
Stresmen,Movies | Video games,4800000
MPL Indonesia,Movies,4700000
Keira Charma,Music & Dance | Humor,4700000
Dalang Pelo,Movies | Animation,4700000
Sabi ngakak,DIY & Life Hacks,4700000
Adam Hidayat,Music & Dance | Movies,4700000
Daziz Gamez,Video games,4700000
Aldi TV,Animation | Video games,4600000
Uya Kuya TV,Music & Dance | Movies,4600000
Music & Dancea Studios,Music & Dance,4600000
Fuji an,Music & Dance | Movies,4600000
GASENTRA PAJAMPANGAN,Music & Dance,4600000
Clementdav,Video games,4600000
XINNN,Movies | Video games,4500000
Vaynard Gaming,Video games,4500000
SebutSaja Dayat,Humor,4500000
Diego Takupaz,Music & Dance,4500000
VINDES,Music & Dance | Movies,4500000
ANTV Official,Music & Dance,4500000
Permana Cuy,Food & Drinks,4500000
Steven Stenly,Daily vlogs,4500000
TAMAN SURGA OFFICIAL,Music & Dance,4400000
hanafiahmhd,Movies | Animation,4400000
dika_ bj,Music & Dance | Animation | Humor,4400000
Ustadz Abdul Somad Official,Music & Dance | Animation,4400000
Regita Masri,Daily vlogs,4400000
YtCrash Islam,Science & Technology | Education,4400000
Dunia Dinda,Music & Dance | Humor,4400000
OZIIE TV,Humor,4400000
Deffan yeye chanel,Humor,4400000
Ki Prana Lewu,Movies | Mystery,4400000
Aurelie Atta,Music & Dance | Movies | Daily vlogs,4400000
Gudang Tutorial,Toys,4400000
Afif Yulistian,Movies | Video games,4300000
NightD,Animation | Video games,4300000
BRAMASTA VRL,Music & Dance | Daily vlogs,4300000
Puma Lesmana,Movies | Animation,4300000
MGDALENAF,Food & Drinks,4300000
Merry Riana,Education,4300000
123 GO LIKE! Indonesian,DIY & Life Hacks,4300000
Meri Olivia,Animation | Video games,4300000
Kastari Sentra,Animation,4300000
ascadamusik,Music & Dance,4300000
Judika Entertainment,Music & Dance,4300000
RJL 5 - Fajar Aditya,Movies | Mystery,4300000
Noe Row,Movies | Humor,4300000
tasya farasya,Daily vlogs | Beauty,4200000
cupstuwerd,Movies,4200000
agogo violin,Music & Dance,4200000
RZD,Music & Dance,4200000
Rizky Febian,Music & Dance | Animation,4200000
sobat dapur,Food & Drinks | DIY & Life Hacks,4200000
DJ DESA,Music & Dance,4200000
AKUDAV,Video games,4200000
Miwanda Cute,Movies | Animation,4200000
Billy Syahputra,Movies | Humor,4200000
Success Before 30,Science & Technology,4200000
TAKUPAZ DANCE CREW,Show,4100000
Fanny Tjandra TV,Animation | Humor,4100000
Fulday,Mystery,4100000
Bli Dwiik,Movies | Humor,4100000
HALILINTAR LENGGOGENI,Family & Parenting | Daily vlogs,4100000
KADAS OFFICIAL,Music & Dance | Humor,4100000
Ewing HD,Mystery,4100000
Yeol Ayres D.A.,Humor,4100000
Dwi Woii,Movies |Video games,4100000
Tami Aulia Live Acoustic,Music & Dance,4000000
Azmannis World,Humor | Daily vlogs,4000000
ACI GameSpot,Movies | Animation,4000000
Senja Firsta,Movies | Daily vlogs,4000000
Nafisa Fidela,Animation | Video games,4000000
Felito’s Family,Movies | Family & Parenting,4000000
Yufid.TV - Pengajian & Ceramah Islam,Education,4000000
mara FM,Movies | Humor,4000000
SKWAD Fitness,Fitness | Health & Self Help,4000000
Gideon Tulus,DIY & Life Hacks,4000000
Lavenia Lioni,Food & Drinks,4000000
VY Gaming,Movies | Video games,4000000
ElestialHD,Video games,4000000
Hanin Dhiya,Music & Dance,4000000
RizkiA Pro,Video games | Humor,3900000
Mr Fian,Animation | Humor,3900000
Chikaku Channel,Movies | Humor,3900000
Aqillasesha Adreena Setiawan,Movies | Daily vlogs,3900000
Marshall Kho,Education |Toys,3900000
eybel channel,Movies | Humor,3800000
JUNAWAY,Humor | Sports,3800000
Sani Music & Dance Indonesia Official,Music & Dance,3800000
Yuko & Ryuki,Animal & Pets,3800000
Warung Sobat,Movies | Mystery,3800000
The Dream Craft,Animation | Video games,3800000
INDIRA KALISTHA,Movies | Humor,3800000
Lampu Islam,Movies | Education,3800000
Kelvin Gaming,Video games,3800000
Team RRQ,Music & Dance | Video games,3800000
Alingga Putra,Movies | Humor,3800000
Hamir Almirwan,Humor | Sports,3700000
Arman Vesona,Humor,3700000
Pesulap Merah,Education | Humor,3700000
2N Shorts,Humor,3700000
Aquarius Musikindo,Music & Dance,3700000
BANG ALEX,Movies | Video games,3700000
CR COOK,Food & Drinks,3700000
Rival Amir,Daily vlogs,3700000
Ujung Oppa,Humor,3700000
3D Entertainment,Music & Dance,3700000
Yudi Syahputra,Video games,3700000
Sibeb ACH,Video games,3700000
R7 Tatsumaki,Movies | Video games,3700000
Ningsih Tinampi,Health & Self Help,3600000
Henny Adella,Music & Dance,3600000
DJ Nanda Lia,Music & Dance,3600000
Billy Samuel,Video games,3600000
Amritsa Raje,Food & Drinks,3600000
Marisha Chacha,Music & Dance | Movies,3600000
JOE RENY VLOG,Movies | Daily vlogs,3500000
WOKO CHANNEL,Movies | Humor,3500000
Devina Hermawan,Food & Drinks | Health & Self Help,3500000
Zan Films,Humor,3500000
Ucok Baba official,Daily vlogs | Humor,3500000
Donkey BAR BAR,Humor | Video games,3500000
William GZ,Movies | Video games,3500000
Hari Jisun,Humor | Food & Drinks,3500000
Ussy Andhika Official,Movies | Daily vlogs,3500000
Diena Fitri,Daily vlogs,3500000
Zara Cute,Daily vlogs,3500000
ShantyDenny,Food & Drinks |Daily vlogs,3400000
Medy Renaldy,Movies | Toys,3400000
Skibidi DKK,Video games,3400000
officialgtvid,Music & Dance | Animation,3400000
nathan fingerstyle,Music & Dance,3400000
Bocil Official,Humor,3400000
MrZygy3,Autos & Vehicles,3400000
Fiersa Besari,Music & Dance | Movies,3400000
VIGUS GITANO,Movies | Humor,3400000
Susanto Gouw,Humor | Toys,3400000
Erika Richardo,Movies | Daily vlogs,3300000
HAS Creative,Movies | Humor,3300000
Qorygore,Animation | Video games,3300000
BANGJBLOX,Movies | Animation,3300000
KUY Entertainment,Music & Dance | Movies,3300000
Alwan Rukman,Movies,3300000
Meot,Humor,3300000
GUS ALDI,Music & Dance | Movies,3300000
Das'ad Latif,Humor | Education,3300000
Hirotada Radifan,Mystery,3300000
Bibib Family,Humor,3300000
rachel goddard,Beauty | Food & Drinks,3300000
Q1Q2 Moviess Channel Official,Movies | Animation,3300000
JUNO ASMR,ASMR,3300000
febri fegan,Movies | Video games,3200000
Abyan Calief,Humor,3200000
PDP (Putri Delina-Productions),Beauty | Humor,3200000
Mas jim,Movies |Humor,3200000
Ali Vlog,Movies | Humor,3200000
Moslem Society,Movies | Animation,3200000
Oki Setiana Dewi,Education | Family & Parenting,3200000
Saqahayang,Movies,3200000
Pelangi Records,Music & Dance,3200000
Putu Bahagiana - Kontrakankeras,Daily vlogs,3200000
Satu Persen - Indonesian Life School,Science & Technology,3200000
Pelita Utama,Music & Dance,3200000
UyyusFunVideo,Music & Dance | Movies,3100000
Sunset,Music & Dance,3100000
MA Gamerz,Animation | Video games,3100000
Tasyi Athasyia,Food & Drinks | Health & Self Help,3100000
Ridwan Hanif,Autos & Vehicles,3100000
Rensia Sanvira Official,Daily vlogs,3100000
Syiar Nada,Music & Dance,3100000
SB30Health,Health & Self Help,3100000
Tim2one - ChandraLiow,Animation | Mystery,3100000
Cinta,Movies | Animation,3100000
SL MEDIA,Daily vlogs,3100000
M4zsda,Animation,3100000
Delmira Cooking,Food & Drinks,3100000
INDmusik mix,Music & Dance,3100000
Majelis Syubbanul Muslimin,Music & Dance | Education,3100000
Bule Barbie,Daily vlogs,3000000
QAHTAN HALILINTAR,Animation | Daily vlogs,3000000
EVOS TV,Video games,3000000
TheHasanVideo,Food & Drinks,3000000
EpicVice,Animation,3000000
Khatulistiwa Record,Music & Dance,3000000
Wowo dan Teman - teman,Music & Dance | Animation,3000000
IT'S ME BCL,Daily vlogs | Music & Dance,3000000
TMG Riz,Movies | Animation,3000000
NATHALIE HOLSCHER,Music & Dance | Daily vlogs,3000000
BangSkot,Animation | Video games,3000000
GUYONWATON OFFICIAL,Music & Dance,3000000
Steven Wongso,Daily vlogs,2900000
Fitra Eri,Autos & Vehicles,2900000
Qiss You TV,Daily vlogs,2900000
Pixel Kinaragendis,Music & Dance | Daily vlogs,2900000
Denis Gaming Shorts,Video games,2900000
Ken & Grat,Food & Drinks,2900000
MASTER MATA HANTU,Movies | Mystery,2900000
Raden Rauf,Animation,2900000
Khalid Basalamah Official,Education,2900000
Bennymoza,Video games,2900000
Ani Nge Game,Animation | Video games,2900000
KEMEKEL. TV,Humor,2900000
Maulana Ardiansyah,Music & Dance,2900000
Mas Nizar,Daily vlogs,2900000
Kimi Hime,Video games,2800000
NevinGaming,Animation | Video games,2800000
Misteripedia TV,Movies | Mystery,2800000
iben_ma,Movies | Daily vlogs,2800000
Aura Kirana,Video games | Humor,2800000
Ria Yaya Riya,ASMR,2800000
Prasodjo Muhammad,Movies | Mystery,2800000
PUBG MOBILE Indonesia,Animation | Video games,2800000
Top Global Miya,Animation | Video games,2800000
Andre suhen,Movies | Humor,2800000
REN OFFICIAL,Humor,2800000
Suryani Wahyu Lestari,Daily vlogs,2800000
Hasib Azizi,Daily vlogs | Humor,2800000
Arya Nara,Music & Dance,2800000
agus cuguy,Food & Drinks | Health & Self Help,2800000
Nicole Annabelle,Animation,2700000
Kisah Tanah Jawa,Mystery,2700000
Yaya Kids Stations,Daily vlogs,2700000
Rafa Alghazi,Daily vlogs,2700000
Alman Mulyana,Humor | Daily vlogs,2700000
Ling ling lieanti,Daily vlogs | Food & Drinks,2700000
Bocah Animasi,Movies | Animation,2700000
Milady Record Official,Music & Dance,2700000
Dongeng Kita,Movies | Animation,2700000
DHIARCOM,DIY & Life Hacks,2700000
Need A Talk,Podcast,2700000
Sitinjau Lauik Truck Video,Autos & Vehicles,2700000
Hidayah Ilahi Official,Animation | Education,2700000
Arron Jakfar,Humor,2700000
Abi Nahla,Music & Dance | Movies,2700000
PANDU GAMING,Animation | Video games,2700000
chintya gabriella,Music & Dance,2700000
Efrita ASMR 2,ASMR,2700000
Adella Wulandari,Movies,2700000
Samuel Christ,Education,2700000
Syafiq A2,Music & Dance | Humor,2700000
Kata Dokter,Health & Self Help | Science & Technology,2700000
Elta Record,Music & Dance | Movies,2700000
Tio Filus Dimas S,Daily vlogs,2600000
DD STAR RECORD,Music & Dance,2600000
Nanda Team,Music & Dance,2600000
Odo Kentang,Video games,2600000
Vania Delicia,Animation | Video games,2600000
Toby Time,Video games,2600000
Gue Sehat,Education | Health & Self Help,2600000
Hiro 10,Animation | Video games,2600000
Ganjar Pranowo,Daily vlogs,2600000
Akang MV,Daily vlogs,2600000
Lista Tsurayya,DIY & Life Hacks,2600000
Kilau DMD MNCTV,Music & Dance | Movies,2600000
MAY I SEE,Movies | Animation,2600000
Saalhaerid,Daily vlogs,2600000
Bram Dermawan,Daily vlogs,2600000
CikyCitraRezky,Daily vlogs | Family & Parenting,2600000
Riko The Series,Animation |Movies,2600000
Majelis Lucu,Movies,2600000
Aviwkila,Music & Dance,2600000
FTBallersin59,Sports,2600000
Anza Channel KH. Anwar Zahid,Education,2600000
Ayano cchi,Animation | Movies,2600000
3 pemuda berbahaya,Music & Dance,2600000
SuperNAN,Daily vlogs | Humor,2600000
Almeyda Nayara,Daily vlogs,2600000
Tiara Andini,Music & Dance,2600000
Samudra Record,Music & Dance,2600000
Hitzeed,Humor,2500000
Amay GT,Animation | Video games,2500000
PUTRA SIREGAR MERAKYAT,Daily vlogs,2500000
Saddam Ismail,Health & Self Help | Science & Technology,2500000
Ide Sederhana — Simple Ideas,DIY & Life Hacks,2500000
Eka Gustiwana,Music & Dance,2500000
Almaturidi Official,Animation,2500000
Kadek Intan Pratiwi,Daily vlogs,2500000
wayan x gaming,Video games,2500000
VokalPlus by Indra Aziz,Education | Music & Dance,2500000
Irfan Ghafur,Humor,2500000
Anak Baba,Humor,2500000
Tema Indonesia,Movies | Humor,2500000
Zofa Toys,Animation | Video games,2500000
Si Sapiloid,Movies | Humor,2500000
Kaesang Pangarep by GK Hebat,Daily vlogs,2500000
Muhammad Faizar,Education,2500000
Leyla Aderina,Music & Dance,2500000
Mr Tauseef,Video games,2500000
Ryzen Gaming,Video games,2500000
GAMERS BUCIN,Video games,2500000
Indah Yastami,Music & Dance,2500000
efkahfajar,Education,2500000
Abil Family,Humor,2500000
ibaf fabi,Movies |Daily vlogs,2500000
Mama Adeeva,Food & Drinks,2500000
Starting Eleven,Sports,2400000
HECA TROLL,Movies | Video games,2400000
Abil AB Channel,Family & Parenting | Daily vlogs,2400000
Akash bule pakistan,Family & Parenting | Daily vlogs,2400000
Kobo Kanaeru Ch. hololive-ID,Animation | Video games,2400000
Daffa & Gita,Movies | Daily vlogs | Travel,2400000
KRIK KRIK,Animation | Video games,2400000
Luthfi Halimawan,Daily vlogs | Video games | Humor,2400000
Bang iCaL,Video games,2400000
Melaney Ricardo,Movies,2400000
Syafa Zahra kids,Family & Parenting | Daily vlogs,2400000
Rhoma Irama Official,Music & Dance | Podcast,2400000
Alodokter,Health & Self Help | Science & Technology,2400000
R Gamer Indonesia,Movies | Video games,2400000
Audio Dakwah,Education,2400000
Hendy Art - Left Hand,Animation,2400000
RICHKYI,Humor | Movies,2400000
Full Drama Indonesia,Music & Dance | Movies,2400000
RESEP INSPIRASI DEBM,Food & Drinks,2400000
Dzawin Nur,Movies |Travel | Mystery,2300000
Denny Darko,News & Politics,2300000
Baby Dinar,Family & Parenting | Daily vlogs,2300000
HARBATAH,Humor | Movies,2300000
Woa Parody Indonesia,Animation | Humor,2300000
Gustaf Sailendra,Movies | Humor | Daily vlogs,2300000
isti ve musab,Travel | Daily vlogs | Family & Parenting,2300000
GLADIATOR ENTERTAINMENT,Daily vlogs,2300000
CERITA SATWA,Animal & Pets,2300000
Ucup Klaten,Humor | Movies,2300000
TALKPOD,Movies | Humor,2300000
CINEMA Z RECAP,Movies | Animation,2300000
Queen Lala,Humor | Daily vlogs,2300000
Indolirik,Music & Dance,2300000
Mazaya Amania,Daily vlogs | Family & Parenting,2300000
Jessica iskandar,Travel | Daily vlogs | Family & Parenting,2300000
Thomas Arya Official,Music & Dance,2300000
COKRO TV,News & Politics | Science & Technology,2300000
Kenwilboy,Science & Technology,2300000
meisita lomania,Movies | Music & Dance,2300000
Zahra Sri Aprilita,Music & Dance | Humor | Family & Parenting,2300000
Josephine Alexandra,Music & Dance,2300000
TomoNews Indonesia,News & Politics | Science & Technology,2300000
Awvexel,Movies | Video games,2300000
CERITA UNTUNGS,Podcast,2300000
The Golden Family,Animal & Pets,2300000
Andrew Kalaweit,Animal & Pets | Travel,2300000
Dapur Nana's,Food & Drinks,2300000
MOMON,Video games | Animation,2200000
Clarin Hayes,Beauty | Health & Self Help,2200000
Yoga Gembul,DIY & Life Hacks,2200000
Studio Record,Music & Dance,2200000
Restu Gaming Official,Video games,2200000
Jennifer Valda,Daily vlogs | Food & Drinks,2200000
Fikri Production,Food & Drinks,2200000
Azka Corbuzier,Daily vlogs | Sports,2200000
Vanny Vabiola,Music & Dance,2200000
Puguh Kristanto Kitchen,Food & Drinks,2200000
vito sinaga,Movies | Daily vlogs,2200000
Zahrah Ateerah,Food & Drinks,2200000
EhLija,Animation,2200000
Neo Japan,Daily vlogs | Family & Parenting,2200000
tri pujis,Food & Drinks,2200000
yb,Daily vlogs | Video games,2200000
Step by Step ID - Natya & Rendy,Music & Dance,2200000
MAMA INA,Food & Drinks | Health & Self Help,2200000
dr.Emasuperr,Health & Self Help,2200000
Gilar Wahyu,DIY & Life Hacks,2200000
Regita Echa,Music & Dance,2100000
Kampung Inggris LC - Language Center,Education,2100000
KulinerSamaCici - Vinny Laurencia,Food & Drinks,2100000
EkoKayes Official,Family & Parenting | Daily vlogs,2100000
Ewok,Video games | Movies | Music & Dance,2100000
Fanny Tjandra,Movies | Animation | Video games,2100000
Ayu Puspa AP,Daily vlogs | Food & Drinks,2100000
Gamer Cupu Official,Video games | Animation,2100000
Daniel Mananta Network,Movies,2100000
Zet22,Video games,2100000
Pak GM,Video games,2100000
utep sunarya,Movies | Video games,2100000
Galuh Cuisine,Animal & Pets,2100000
SHANTY DI CHINA,Travel | Daily vlogs | Food & Drinks,2100000
Neng Ayie,Food & Drinks,2100000
Fera Chocolatos,Music & Dance,2100000
Akemi Ch. ??????AKA Virtual?,Animation | Video games,2100000
Rendy R,Video games,2100000
Rocky Gerung Official,News & Politics,2100000
Ahoy,Video games,2100000
ADIEZ GILANG,Family & Parenting | Daily vlogs,2100000
Naila Putri TubeHD,Family & Parenting | Travel,2100000
Adlani Rambe,Music & Dance,2100000
deHakims Story,Family & Parenting | Travel | Movies,2100000
Nikmatul Rosidah,Food & Drinks | Family & Parenting | Daily vlogs,2000000
Iqbalizda,Animal & Pets,2000000
Soibahdee Channel,Family & Parenting | Daily vlogs,2000000
balqis madu,Movies | Humor,2000000
Hey Kilers,Daily vlogs,2000000
Vina Fan,Music & Dance | Daily vlogs,2000000
SosialHits,Education | Mystery,2000000
Fahira Mira,Daily vlogs | Travel,2000000
Shely Che,Food & Drinks,2000000
Delvi Gustia Nasution,Travel,2000000
It`s Tararo,Animation,2000000
RAFFA BADRI29,Music & Dance | Daily vlogs,2000000
BANGIJAL TV,Humor | Movies,2000000
Garasi Drift,Autos & Vehicles,2000000
MazMazing,Video games,2000000
Jerhemy Owen,Travel | Daily vlogs | Education,2000000
Leonardo Edwin,Travel | Daily vlogs | Education,2000000
Lentera Malam,Mystery,2000000
Jagat Review,Science & Technology,2000000
Eddy Siswanto,Food & Drinks | Health & Self Help,2000000
Putri Ariani,Music & Dance,2000000
GUS IDRIS OFFICIAL,Movies | Daily vlogs,2000000
Metta Karuna,Movies,1900000
Turah Parthayana,Humor | Daily vlogs | Travel,1900000
Rizka CH,Animation,1900000
Helmy Yahya Bicara,Science & Technology,1900000
Misellia,Music & Dance | Travel,1900000
sengklekman,Animation,1900000
BYC - Shaidina Maulana,Daily vlogs | Travel,1900000
Aliem Joy,Video games,1900000
Bella Kuku Tanesia,Food & Drinks,1900000
Laster,Video games,1900000
Mefelz,Animation | Video games,1900000
Shelvy Silvia,Food & Drinks,1900000
MAIA ALELDUL TV,Music & Dance | Daily vlogs,1900000
Saluhut Channel,Music & Dance,1900000
Learn and Play with Rei,Family & Parenting,1900000
Bossman Mardigu,News & Politics,1900000
Pricebook,Autos & Vehicles,1900000
Raja Ngendok,Movies | Video games,1900000
Vivi veronica,Food & Drinks | Health & Self Help,1900000
Harya Dana Wibowo,Show | Humor,1900000
SipitGaming HD,Movies | Video games,1900000
Yohan Sture,Show| Humor,1900000
True Story Info,Education,1900000
Presiden Gaming,Animation | Video games,1800000
Islam Bersatulah,Education,1800000
beIN SPORTS Indonesia,Sports,1800000
Babyshima Entertainment,Music & Dance,1800000
Dwiki Afrilian,Show | Humor,1800000
ZeddaxGaming,Movies | Video games,1800000
Imanuel Jeremy,Movies | Mystery,1800000
Reyben Entertainment,Podcast,1800000
Separuh Aku Lemak,Food & Drinks,1800000
PERDANA RECORD,Music & Dance | Movies,1800000
Kelas Kakap Animation,Movies | Animation,1800000
Princess Rara,Video games,1800000
Ganjil Misteri,Mystery,1800000
IvyFeb,Daily vlogs | Food & Drinks,1800000
Jundy Juns,Video games,1800000
Restart RF,Food & Drinks,1800000
sobat jajan,Food & Drinks,1800000
AZUFI LEARN AND SING,Music & Dance | Movies,1800000
Ezha Saputra Levine,Movies | Animation,1800000
CapCapung,Food & Drinks | Education,1800000
Abdi Suardin,Education,1800000
ECKO SHOW,Music & Dance,1800000
Rudy WFA,Animation,1800000
Si Nadiah,Humor | Daily vlogs,1800000
Domani Siblings,Show | Humor,1800000
Kak Kipin,Video games | Food & Drinks,1800000
Celine Evangelista,Podcast,1800000
Karin Novilda,Daily vlogs,1800000
ULUN Tv,Science & Technology,1800000
Kevin Anggara,Movies | Humor,1800000
Dinda Family,Movies | Humor,1800000
CodeX Gaming,Movies | Video games,1800000
Ngamen Project,Music & Dance,1800000
Akbar Officials,Movies,1800000
Tretan Universe,Show | Humor,1800000
ALBERTTT,Video games,1800000
Rizki Art,Animal & Pets,1800000
imam noer,Animal & Pets,1800000
HaYoGo,Movies | Video games,1800000
DARLUNG GAMING,Video games,1800000
Asahid TehYung,Food & Drinks,1800000
Dedek Soemantri,Humor,1800000
Arief Putra,Music & Dance,1700000
IMAN LASLOS,Movies | Mystery,1700000
Pebbi Lieyanti,Daily vlogs | Food & Drinks,1700000
Tereza Fahlevi,Music & Dance,1700000
ricarica96,Food & Drinks,1700000
Teguh Boy,Movies | Video games,1700000
Rendra Noviardi,Daily vlogs,1700000
IDANG NIA,Video games,1700000
Teknologi Populer,Science & Technology,1700000
Kisah Islami,Animation | Education,1700000
GUS NUR SYAMSUN,Education,1700000
Twins Meynow,Music & Dance,1700000
WAYANG JAWA,Music & Dance | Show,1700000
Ric snt,Travel | Daily vlogs,1700000
ijudin tv,Humor | Show,1700000
Cokraft,Music & Dance | Animation,1700000
LieeE,Animation | Video games,1700000
Raymond Chin,Education,1700000
Official Reading Qur'an,Education,1700000
Muhammad Nawawi,Humor,1700000
Ensiklopedia Al Fatih,Science & Technology,1700000
Bigetron TV,Movies | Video games,1700000
Impact Music & Dance Indonesia,Music & Dance | Animation,1700000
GUBES MAMAZ KARYO,Mystery,1700000
Data Fakta,Science & Technology | News & Politics,1700000
Deni Creator,Movies | Animation | Humor,1700000
Fox Moba,Video games,1700000
TEKNISI NDESO,Autos & Vehicles,1700000
Evelyn Hutani,Daily vlogs,1700000
Siboen chanel,Autos & Vehicles,1700000
AMUSIK,Music & Dance | Animation,1700000
Watchout,Animation | Video games,1700000
Frans Sanjaya,Toys,1700000
Abqariyyah Halilintar,Fashion | Beauty,1700000
olivtothesky,Music & Dance | Animation,1600000
NAFI Gaming,Movies | Video games,1600000
Maul Dola,Animation | Video games,1600000
Duo Pengacara,Movies | Food & Drinks,1600000
Felix Siauw,Education,1600000
SAMANTHA FAMILY,Daily vlogs | Humor,1600000
Roll Media 2,Daily vlogs,1600000
Fahmi Aziz,Music & Dance,1600000
Horor Lucu,Music & Dance | Movies | Animation,1600000
Bangpen,Video games,1600000
Fun Cooking with Yackikuka,Food & Drinks,1600000
Adeline Margaret,Movies | Humor,1600000
Lubak Injin,Movies | Video games,1600000
keluarga marsya,Humor,1600000
Ahkam official,Music & Dance | Movies,1600000
MoenD,Animation | Video games,1600000
Arun Alif,Music & Dance | Humor,1600000
CAHWIGUNA,Animation | Video games,1600000
Fahmimi ASMR,Food & Drinks,1600000
Rein TV,Movies | Daily vlogs,1600000
Sepulang Sekolah,Science & Technology,1600000
SI CELANA KOTAK,Animation,1600000
Ivan Gunawan,Fashion | Daily vlogs,1600000
el prana,Movies | Animation,1600000
mariogklauofficial,Music & Dance,1600000
cinta subakti,Daily vlogs | Humor,1600000
Nabila Maharani,Music & Dance,1600000
Anak Kuliner,Movies | Food & Drinks,1600000
Luki Ka,Music & Dance | Animation,1600000
Sinau Hurip,Music & Dance | Movies,1600000
Ai Khodijah Official,Music & Dance,1600000
Balomba,Humor,1600000
Coconut Ice,Animation | Video games,1600000
Serial Rena Nene,Movies | Animation,1600000
OBROLAN PANAS,News & Politics | Science & Technology,1600000
trendsnesia,Autos & Vehicles,1600000
SatyaFadli,Music & Dance | Animation,1600000
OCHI YOSI Official,Education,1600000
Gondrong Labanan,Toys | Food & Drinks,1600000
PEGAWAI JALANAN,Science & Technology | Education,1600000
Emak,Humor,1600000
Ben Gaje,Video games,1600000
Maxhill Antimage,Movies | Video games,1600000
Bro Omen,Video games | Humor,1600000
Pagar Kehidupan,Education,1600000
sceror,Movies | Animation,1600000
Christabella Cindy,Daily vlogs,1600000
MangTube,Science & Technology | Education,1600000
Tips Pintar,Education,1600000
Ara Plays Art,Design/art,1500000
Athiyyah Putri,Daily vlogs,1500000
Chlowie the squad,Music & Dance | Humor,1500000
SASKEH SERIES,Movies | Animation,1500000
KoalaPo,Video games,1500000
HEROISGOD,Video games,1500000
Arafah Rianti,Daily vlogs | Food & Drinks,1500000
Suhay Salim,ASMR | DIY & Life Hacks,1500000
Rana Films,Music & Dance | Movies,1500000
Rocky Vision,Animation | Humor,1500000
UP Gaming,Video games,1500000
Angellica Sanjaya,Humor | Food & Drinks,1500000
Chikaku Family,Music & Dance,1500000
mescar,Animation | Humor,1500000
REY 10,Video games,1000000
DEANKT,Daily vlogs | Humor | Video games,1000000
JEJAK TUPAI,Animal & Pets | Food & Drinks,1000000
Moviessrastis,Movies,1000000
Revina Syakira,Daily vlogs,1000000
Droomp,Video games,1000000
Maykel Setiawan,Autos & Vehicles,1000000
makin VIRAL,Science & Technology | Education,1000000
Caraku Memasak,Food & Drinks,1000000
Renaldigilbert,Daily vlogs,1000000
Gilbert Lumoindong,Education,1000000
VanSkadi Gaming,Video games,1000000
Kucing Om Wepe,Animal & Pets,1000000
Irfanz Gaming,Science & Technology | Education,1000000
MARIA VANIA,Sports | Fitness,1000000
Dhevy Geranium,Music & Dance,1000000
Bondowoso Gaming,Video games,1000000
Shafura Medina,Daily vlogs,1000000
Putri Isnari,Music & Dance | Daily vlogs,999000
Mas Char,Science & Technology | Education,998000
Abraham Samad SPEAK UP,News & Politics,998000
Alam Semenit,Animal & Pets,997000
Sandi Prayoga,Science & Technology | Education,997000
Ebleh Tv,Mystery,996000
Jr Muzzaki,Video games,996000
OTOMOTIF TV,Autos & Vehicles,995000
Den Dimas,Autos & Vehicles,994000
Panda Kitty,Video games,993000
Makaan Suka Suka,Food & Drinks | Travel,992000
MarioTeguhTV,Education,991000
CikyMicin,Video games,990000
ditto art,Design/art,990000
Azrealon,Daily vlogs | Video games,989000
Karni Ilyas Club,News & Politics,989000
Analisis Militer,Autos & Vehicles | Education,989000
Senior Anime New,Movies,988000
Nata Chanel,Video games,988000
Dapur Dina,Food & Drinks | Education,988000
Pon Pone,Video games,985000
Jemima Livia,Beauty | Health & Self Help,985000
Abilhaq & Seraldi,Daily vlogs,985000
Asnan,Video games,985000
SIMO SDSM,Education,984000
MATA S,Science & Technology,984000
Musanggg TV,Daily vlogs,983000
Tom MC Ifle,Education | Podcast,983000
Syila Syirah,Daily vlogs | Humor,983000
Jefri Hanafi,Show | Humor,982000
Bermain Official,Animal & Pets,982000
Keira Charma Fun,Music & Dance,982000
Santri Njoso,Music & Dance,981000
Mbah Purnomo,Video games,981000
Bangpin,Animation,978000
Jajanan Sultan,Toys,978000
Petualangan Alam Desaku,Daily vlogs,978000
Dr. Indrawan Nugroho,Education,977000
Ali Kribo,Daily vlogs | Music & Dance,977000
Chanel Hiburan,Science & Technology | Education,975000
Dahyani TV,Show | Humor,975000
Amanda Rawles,Daily vlogs | Beauty,973000
Mamah Nada,Food & Drinks,972000
Ayo Mikir,Science & Technology | Education,972000
Hi Wayy,Video games,971000
SKWAD Beauty,Education | Beauty,971000
Tika OLa,Daily vlogs,971000
Bulan Sutena,Daily vlogs | Music & Dance,971000
Resep Bunda Tika,Food & Drinks,971000
Titan Tyra,Daily vlogs | Travel,970000
Harief Fadilla,Autos & Vehicles,970000
Gyzenn FF,Video games,969000
TOMI KEKE,Daily vlogs | Food & Drinks,969000
aldisetiawan01,Daily vlogs,968000
HAZIQ CHANNEL,Education,968000
Eyzel Channel,Show | Humor,967000
Millenialzkece,News & Politics,967000
7Menit,Movies,966000
Aagym Official,Education,966000
Ebi Gamespot,Video games,964000
Sanca Records,Music & Dance,963000
ZURA14,Movies,962000
Alpacandy,Toys,960000
SUDUT PANDANG,News & Politics,960000
Kenuy,Toys,957000
Den Story,Video games,957000
channel Belajar,DIY & Life Hacks,957000
Air Gambut,Movies | Humor,957000
Lionar Bonjo,Fitness,957000
Kevin Kusuma,Food & Drinks,956000
Clara Osena,Movies | Humor,956000
Andy Lukito,Video games,955000
DAPUR RIRI,Food & Drinks,955000
Burhanudin Djafar,Video games,955000
Memfakta,Movies,955000
Expose Cisoka,Show| Humor,955000
NOBAR,Movies,954000
BroMike Team,Video games,954000
GUDANG KOMEDI,Toys,954000
Palkor Partner,Music & Dance,953000
Saham dari Nol,Education,953000
Mumuk & Eno,Daily vlogs,951000
Real Bang Sidz,Video games,951000
M HIDAYAT,Travel | Food & Drinks,950000
Mblo Rizki,Autos & Vehicles,949000
Yudist Gaming,Video games,949000
PRISKA AQUILLA,Food & Drinks,948000
Andy Franz,Autos & Vehicles,948000
Emak Egi,Animation,948000
ZAKI AL_farisi,Video games,947000
Bandot Production,Show | Humor,945000
Selontok Fish Official,Show| Humor,944000
OPRA Entertainment,Mystery,943000
Fanny Cynthia,Video games | Daily vlogs,942000
Putu Gaming,Video games,942000
prankpacarindo,Show,940000
Sabrina Chairunnisa,Fitness | Health & Self Help,939000
ACE X GAMING,Video games,938000
LEMBUR PAKUAN CHANNEL,Daily vlogs,938000
Ade Arga,Humor,937000
Matematika Hebat,Education,935000
Bastian S,Daily vlogs,934000
Riski Imo,Video games,933000
Gila Eksperimen,DIY & Life Hacks | Science & Technology,933000
Watch watch.,Science & Technology,933000
TEMAN TIDUR,Movies,932000
GD_Dhika,Video games,932000
CHECHE KITCHEN,Food & Drinks,932000
MrSpherical Indonesia,Animation,931000
Aqeela Calista,Daily vlogs,930000
PokoPow,Video games,930000
Resep Abi,Food & Drinks,929000
aaawarewolf,Movies,928000
EGO ADRIANO,Show | Humor,928000
Hyper Potatoes!!,Video games,927000
Fatya Biya,Beauty,927000
Ivana Meylanda,Daily vlogs,927000
Indonichea,Movies,926000
Rianiayan,Video games,926000
JLGaming,Video games,925000
Menjadi Manusia,Education,925000
Manda petualang,Animal & Pets,924000
Nabila Friends,Daily vlogs,923000
ILHAM 7s,Video games,922000
Azzaorabfn,Daily vlogs,921000
NGOBROL ASIX,Podcast,921000
Resep Masakan Simple,Food & Drinks,920000
Pastaz ID,Video games,919000
Zefa Gaming,Video games,919000
Hawi Bis,Video games,918000
Agus Ampolleng,Video games,918000
Vhiendy Savella,Daily vlogs | Music & Dance,917000
Bang speers,Animal & Pets,917000
Kawaii Indonesia,Daily vlogs   ,917000
Teori Anime Terpopuler,Movies,914000
BANG KUN,Daily vlogs ,913000
AZA KITCHEN,Food & Drinks,913000
Muh Yusuf Alfiyanto,Humor | Music & Dance,911000
Titi dan Tian,Daily vlogs | Food & Drinks,911000
Nindy Vers,Food & Drinks,910000
Pratama Family,Daily vlogs,910000
Masak yuk,Food & Drinks,910000
Wita Marantika,Movies,910000
THE BIG DUDI,Animal & Pets,909000
Garit Dewana,Video games,909000
Amanda Caesa,Daily vlogs,909000
Oyanio TV,Video games,909000
Layangan YK,Toys,908000
fannysabila official,Music & Dance,908000
Ridho Hanif,Animal & Pets,908000
Aziz Nurahman,Mystery,907000
Bima studio,Music & Dance,906000
Asti Kunyit,Daily vlogs | Toys,906000
GPX,Daily vlogs,905000
Microboy,Video games,905000
FC Se7en,Toys,905000
Truk Tronton Mainan,Toys,903000
Sherly Annavita Rahmi,Education,902000
Rius Vernandes,Travel,902000
Whizky LandS,Video games | Animation,901000
Channel Rusdy Oyag,Music & Dance,900000
Mr. Jack_tv,Autos & Vehicles,900000
MyNameIsMail,Autos & Vehicles,900000
Ali Bungsu,Daily vlogs | Humor,900000
Halodoc,Health & Self Help | Education,899000
Hungry Olivia ASMR,ASMR | Food & Drinks,899000
Mama Rieta,Daily vlogs | Food & Drinks,899000
Roy Kiyoshi,Mystery,897000
MimbarTube,News & Politics,897000
DroidLime,Science & Technology,896000
DOKTER FRANSISKA DI PERANCIS,Health & Self Help | Education,895000
Peachy Liv,Beauty | Education,894000
Andrysherly,Food & Drinks,894000
VYN Official,Video games,893000
Laurent Rando,Food & Drinks,892000
MAS YABI,Mystery,892000
Ardipitz,Movies | Daily vlogs,891000
Cacacia,Daily vlogs | Video games,891000
Dunia Ama,Animation | Video games,890000
The Princess Syahrini,Daily vlogs | Travel,890000
AMUZ CHANNEL,Animation | Video games,889000
Ayu Fajar,Beauty | Food & Drinks,889000
Cicii.laaaYT,Daily vlogs,889000
Praya Family,Daily vlogs,889000
Bang Junet,Mystery,888000
Syakir Daulay,Daily vlogs,888000
RRQ Skylar,Video games,887000
MasTrex Vlog,Movies,887000
Permesta Dhyaz,Daily vlogs,887000
Suara Chinoll,Sports,886000
Ferry Irwandi,Education | News & Politics,886000
kang opik d'sign,Design/art,885000
Cherie Callista,Music & Dance,884000
Dafa TubeHD,Food & Drinks,884000
FAMILY HOME STAY CAMPERVAN,Daily vlogs | Travel,883000
ige22,Video games,882000
Ary Gaming,Video games,882000
RANGGA JUANS,Beauty,880000
Harris Caine?AKA Virtual?,Animation | Video games,879000
Guru Juara,Education,879000
Enyo Channel,Food & Drinks | Music & Dance,879000
Lita Lito,Video games,878000
Babang Cinema,Movies,878000
nitavior,Daily vlogs | Food & Drinks,877000
NisNaz Channel,Daily vlogs   ,877000
Muhammad Sofi AW,Daily vlogs   ,876000
cuwass,Daily vlogs   ,876000
Ace Moviess,Movies,875000
Jipew,Daily vlogs | Travel,875000
Harajaki trik,Toys,873000
Asm Rider,Autos & Vehicles | Daily vlogs,873000
cookwithdriss,Food & Drinks,872000
Bli Gede Sugi,Toys,872000
VIET JCB,Toys,872000
Abdel Achrian,Food & Drinks | Podcast,872000
TV Jadul,Movies,872000
Koko Kuliner,Food & Drinks,872000
Christina Lie,Education | Podcast,872000
animasi official,Video games | Toys,871000
Plus26,Podcast,871000
Bobby Sant,Animal & Pets,870000
CloseTheDoor Clips,Podcast,870000
Ngomongin Politik,News & Politics,870000
AUDREY A,Animal & Pets,869000
ROBLOX TOPIC INDONESIA SHORTS,Video games,868000
The Sinathrya,Daily vlogs,868000
Sepasang Pir,Animation,867000
SUMAR ADI WIJAYA,Mystery,867000
BULE KW,Daily vlogs,867000
Mobil Pasir,Toys,866000
VICE Indonesia,Daily vlogs | Travel,866000
maz_adi2,Show| Humor,866000
Paleka TV,Daily vlogs,866000
Vira Vioura,Video games,865000
Topi Sihir Animation,Animation ,864000
Web Programming UNPAS,Science & Technology,864000
TANTRI ARDA,Daily vlogs | Music & Dance,864000
Truk Oleng 77,Toys,863000
Maudy Ayunda,Travel | Podcast,863000
Street Foods Village,Food & Drinks,862000
Ngomongin Uang,Education,861000
Randy Dongseu,Music & Dance,861000
Sibungbung Official Channel,Food & Drinks,859000
Bang Dinar,Education | Animal & Pets,859000
Resky02 Official,Video games,859000
Teman Tapi Menikah,Daily vlogs | Travel,859000
Mobil Kembar Play,Toys,859000
MONOY TV,Animation,859000
Reyzore,Video games,858000
Eliza Perkasa,Food & Drinks,858000
Fajar Dikifi,Animation,858000
Dapur Mamah Hawa,Food & Drinks,857000
Sarang Demit,Movies,856000
Nata Animation,Animation | Mystery,856000
Mr Daniel Wille,Daily vlogs,856000
Farah Quinn,Food & Drinks,855000
RADIO MALAM ID,Movies,854000
Nugroho Febianto,Travel,854000
DARK BORNEO,Science & Technology,854000
Mamank Kuliner,Food & Drinks,854000
Inspect History,Animation,854000
Rabbanians ID,Education,853000
Dandi Malik Abdulloh,Autos & Vehicles | Daily vlogs,852000
Feby & Sheren Panjaitan,Music & Dance,852000
Razz Gaming,Video games,851000
Dendi Komara Railfans ID,Animation,850000
mbok midut,Food & Drinks,849000
iFixied,Science & Technology,848000
David2001,Video games,847000
Bro View,Movies,847000
Joe Kal,Mystery,847000
Gila Game,Video games,847000
BANG GAPTEK ID,DIY & Life Hacks,845000
Mama Punya Cerita VLog,Food & Drinks,845000
Pipin Goldfish,Food & Drinks,844000
Raymaka Channel,Toys,844000
Beni Nugraha,Sports,841000
Agus Riansyah74,Music & Dance,841000
Billy Joe Ava,Music & Dance,840000
juanda faisal,Animal & Pets,839000
saepul wae,Mystery,839000
Asel Saputra,Daily vlogs,838000
fathur anggara,Movies,838000
Cuma Jokes,Humor | Animation,837000
GEN HALILINTAR EDU,Daily vlogs | Family & Parenting,837000
Abie Hanum,Animation ,837000
skinnyfabs,Music & Dance,837000
Yeni Inka Channel,Music & Dance,836000
HADRAH SYUBBANUL MUSLIMIN,Music & Dance,836000
Panny Fransiska,Daily vlogs,836000
Adi Candra,Travel | Movies,835000
Mommy Bintang,Music & Dance,835000
Hai BangDeen,Video games,835000
Penyuluh Pertanian Lapangan,Education,835000
BIG Course,Education,835000
asrorkhb,Mystery,835000
Tuying Wd,Daily vlogs,834000
NAJA HUDIA,Education | Daily vlogs,834000
Fantasi Film 21,Movies,833000
Astronacci International,Education,832000
Hanggini P. Retto,Music & Dance,832000
Rico Huang,Education,832000
Los Manados,Animation | Video games,831000
Jason JE,Animation | Video games,831000
Felipe Valdés,Daily vlogs,831000
Livander Gamedev,Animation | Video games,830000
Ananda Wahyu,Movies,830000
Chef Supri,Food & Drinks,830000
Nabila Aulia Channel,Animation,830000
Cgit Einsteins,Show,830000
Hobby Masak,Food & Drinks,829000
JPCC Worship,Music & Dance,829000
Jejak Backpacker,Mystery | Podcast,828000
Larics Toys Review,Toys,828000
Winter Family,Daily vlogs,828000
Rauntzent,Video games,827000
KEMENDIKBUD RI,Education,827000
surgatoon,Animation,827000
TukanGGaming,Animation | Video games,827000
Tawakal tv,Movies,827000
Rendra Polapike,Humor,826000
Rumah Kucing Ifan.,Animal & Pets,826000
KangDimas TV,Video games,825000
Tirta PengPengPeng,Health & Self Help,825000
Quinn Salman,Music & Dance,825000
Nauval,Education,825000
Maswendix,Design/art,824000
TirtaMedia,Music & Dance,824000
LBDJS OFFICIAL CHANNEL,Music & Dance,824000
MYtakesilo,DIY & Life Hacks | Movies,824000
Peanut Butter,Animation,823000
Kang Munir,ASMR | Food & Drinks,823000
Nurrohman Offcx,Animation,823000
Mama Ci Memasak,Food & Drinks,822000
Justinus Lhaksana,Sports,822000
Muhammad Hanif Hasballah,Food & Drinks | Travel,821000
Tommy Kaganangan,Music & Dance,821000
ARN FF,Video games,820000
Limbad Indonesia,DIY & Life Hacks | Daily vlogs,820000
Azquera Quinn Nabila,Daily vlogs | Family & Parenting,820000
Viper Kediri,Mystery,820000
Sang Dewi Banyu,Humor,820000
Yesha Studio,Movies,820000
Fey Daily Life,Daily vlogs,819000
Gita Wirjawan,Education,819000
NOICE,Podcast,819000
Kulo Rendy,Animation,819000
deridestoni,Daily vlogs | Mystery,819000
Cute Family Stories,Humor | Animation,819000
Kiky Saputri Official,Daily vlogs,818000
Joker Ganas,Mystery,818000
ARUMI FAMILY,Family & Parenting,818000
Moch Maqie,Music & Dance,818000
YtCrash Muslim,Education,818000
Lu??_FF,Video games,817000
PETUALANG GAIB CHANNEL,Mystery,816000
Den JC,DIY & Life Hacks ,816000
Breakdown Channel Universe,Movies,816000
BANG BOY GAMING,Animation,816000
DAKAROSA TOLE,Humor,816000
Gita VBPR,Fitness,816000
Lorong Misteri,Mystery,815000
Lalajo Laura,Video games,815000
The Zidan Family,Video games,815000
Afi Udin,ASMR | Food & Drinks,814000
Icha receh,Animation,814000
ILLANK Adventure,Animal & Pets,814000
denise chariesta,Daily vlogs,813000
Aznovara Al Abshor,Daily vlogs,813000
Keisha Kiara Toys,Toys,813000
Pak Dhen,Education,812000
Raja Video ID,Travel,811000
Saksakku,Video games,811000
Baiq Yanti,Daily vlogs,811000
Payung Teduh Official,Music & Dance,811000
One Pride MMA,Sports,811000
Katahati Project,Daily vlogs,811000
Haqi Official,Music & Dance,809000
Agakenyang,ASMR | Food & Drinks,809000
°Andini Official°,Animation,808000
Fauzan N.Q,Daily vlogs | Humor,808000
Reyju Gaming,Video games,808000
CB Official,Movies,808000
Footy Focus,Sports,807000
TRPHB Animation,Animation,807000
ANDRE TREZER,Music & Dance,807000
Dalang Seno,Show | Music & Dance,807000
Eno Bening,Podcast,807000
Metz Chou,Video games,806000
Kayess,Daily vlogs,805000
Tasik Ngaji,Education,805000
Shandy Luo,Humor,804000
Cinta Laura Kiehl,Daily vlogs | Music & Dance,803000
Birul Hands,Video games | Animation,803000
Idetrik,DIY & Life Hacks,803000
Heri and Kids,Humor,802000
Cageng,Movies,802000
Kakatoo,Music & Dance | Animation,802000
Randy25 Gaming,Video games,802000
Ununk Aurel Heriyadi,Design/art,802000
Mas Ayyas,Movies,800000
Arlida Putri Official,Music & Dance,800000
bangkiwil,Humor,800000
Kang Ari - ngaji online,Education,800000
REND STORY,Humor,799000
RemanRHN,Video games | Animation,799000
AIRRIU EDUVENTURE,Travel,799000
fxpandu7,Video games,798000
Sandiuno TV,Daily vlogs,798000
Tobi Nolep,Video games,798000
Sijokervin Kylevin_,Show,798000
Satisfying Asmr,ASMR,797000
Wais Alqorni,Food & Drinks,797000
Sandi Records Digital,Music & Dance,797000
Jisaaa Kun,Humor,797000
Nano Bukan Permen,Humor,797000
Cute Meow,Animation,797000
Mobil Turun,Toys,796000
Mboke Memey,Daily vlogs,796000
Mas Owdy,Music & Dance,796000
NoMulify,Animal & Pets,796000
syila,Music & Dance,796000
Karaoke Nostalgia,Music & Dance,795000
Bi Marbi,Video games | Animation,795000
Diera nathania,Daily vlogs,795000
Ayu TingTing,Daily vlogs,795000
KINCIR Esports,Podcast,794000
Edu-Vid,Education,794000
Mie Rebus,Food & Drinks,794000
aminahSakuraOfficial,Animation,793000
SnackVideo Olahraga Official,Fitness,793000
Althaf Motovlog#KP,Daily vlogs,792000
LYCAN - Bahasa Indonesia,Movies | Animation,792000
Ruwet TV,Humor,791000
Rian Zonk,Humor,790000
Syafira TV,Daily vlogs | Travel,790000
Halosehat,Health & Self Help,790000
Cetakgol IDN,Sports,790000
Raja Ryzal Kelayang,Mystery,790000
morganlorentz,Animation,790000
HM MEDIA,Music & Dance,790000
RASTAVORIA,Music & Dance,789000
kingabdi_jajanmercon,Food & Drinks,789000
MUSIK44 DJ,Music & Dance,788000
in JONESIA,Show,788000
Lucu Humor,Humor,788000
Asis Ucus,Humor,787000
Musik Slank,Music & Dance,787000
Rohmah ima,Movies,787000
Darman Story,Video games,787000
Yt Khadafi,Video games,786000
Milk Tea 2,Animation,786000
UMMASHAFANA,Animation,785000
Vins Media V2,Video games,785000
khoward19,Animation,785000
FORTUNA ENTERPRISE,Music & Dance,784000
Ruby quinza,Humor,784000
saiken_,Animation,784000
Alphiandi,Humor,783000
Trio Strong Family,Family & Parenting | Daily vlogs,783000
Arsenio Toys,Toys,782000
United Roblox of Indonesia,Video games,782000
Baraa15,Video games,782000
TERROR FANG,Animation,782000
Twomannn,Daily vlogs,782000
CINEMA METAVERSE,Animation,782000
MantanProGamer,Video games | Animation,782000
Intan Rifqi Official,Daily vlogs,781000
Kanal Anak Bangsa,Podcast,780000
Pen Invasion,Design/art | Mystery,780000
Maryam Abdullah,Family & Parenting | Daily vlogs,780000
Falkro,Video games | Animation,778000
GT Action Games,Video games | Animation,778000
Kuat Novianti,Humor,777000
Sedya Isty,Animation,777000
Pisyang Gaming,Video games | Animation,777000
Sanggar Cemara,Show,777000
rc komuniti,Autos & Vehicles | Toys,777000
Jala Petualang,Travel | Education,776000
Fiqi Amd,Video games,776000
Edy Art Studio,Design/art,776000
Official CahMending,Humor,776000
Jazirah Ilmu,Education | Movies,775000
Papi Reyn,Animation,775000
Firmankidd,Animation,775000
Dinar Genji,Video games | Animation,775000
OSPRO MUSLIM CHANNEL,Music & Dance,775000
UDO PARNO,Science & Technology,775000
HAFIZ ARSYAD,Daily vlogs,775000
Uwais Chanel,Show,775000
Bebiraira Channel,Music & Dance,774000
Taufiqi Hidayatulloh,Education | Animation,774000
Musik Indonesia,Music & Dance,774000
Ona Hetharua Channel,Music & Dance,773000
Rama Channel,Humor,773000
Galang Al fatih,Humor | Movies,773000
Andy Sugar,Humor | Daily vlogs,772000
Elangmaut Indonesia,Education,772000
Amih Hindarsih,Education,772000
Craft and Makeup,Animation | Beauty,772000
WOA - Indonesian Fairy Tales,Movies | Animation,771000
DPM Evergreen Station,Music & Dance,771000
Galery Sam Boncil Official,Humor | Show,771000
RATATA POWER Indonesian,DIY & Life Hacks,771000
Very_Cooll,Humor ,770000
Rama TUBE,Video games,770000
Dokter Fery TV,Health & Self Help | Education,770000
Dansing,Toys,769000
Ardy STW,Video games,769000
Harry Parintang,Music & Dance,769000
Golden Octopus,Animation,768000
TAMAN SURGA,Education,768000
Ryanares kitchen,Food & Drinks,767000
LUCU AJA BOLEH,Movies | Humor,767000
Pixel ART,Design/art,766000
RandyMiciMoci,Animal & Pets,766000
Sodrak Ku,Daily vlogs | Humor,766000
KUSRIYANI,Video games,766000
Pemuda Hijrah,Education,766000
Mikael TubeHD FANS,Daily vlogs,766000
Dondy Tan,Education | Podcast,765000
Tommy Handoko,Animation,765000
Mahalini,Music & Dance,765000
Remaja Sukses,Education,765000
Kakak Kelas,Animation,763000
Agak Laen Official,Humor | Podcast,763000
Indonesian Football e-League,Sports,762000
VIDI,Music & Dance,762000
MelSickScreamoAnnie,Music & Dance,762000
Imaama Official,Daily vlogs,762000
Watch Me cerita,Show,762000
Kerajinan Terniat,DIY & Life Hacks,761000
Kazafa Channel,Daily vlogs,761000
DAILY TIKA WEIXUN DI CHINA,Daily vlogs,761000
SENAR GAPUK,Travel | Education,761000
YENNY DI CHINA,Education | Daily vlogs,761000
SANDEKAR ST,Education ,761000
rafiqul fahmi,Music & Dance,761000
MUARA BINTANG,Music & Dance,760000
Dona Jamin,Humor,759000
Sana Sini Video,Movies | Humor,759000
Ignasius Ryan,Education ,759000
KLAKLIK,Movies,758000
Prestige Productions,Autos & Vehicles,758000
Angga Mzrbest,Video games,757000
Rahmi Sri Ayu,Food & Drinks,757000
Gilang Luigi,Video games | Animation,757000
Cacao Cha,Animation,757000
hobby diy,DIY & Life Hacks | ASMR,757000
WortelGamingXd,Video games,756000
tentang hewan,Animal & Pets,755000
Firly Channel,Animation,755000
Jeje GuitarAddict,Music & Dance,754000
Mhavin,Video games,754000
m4th-lab,Education,754000
culoboyo,Animation,754000
XG KARAOKE MUSIC,Music & Dance,753000
DONA LEONE,Music & Dance,753000
Trio Ratu Family,Family & Parenting | Daily vlogs,753000
Rhenald Kasali,Education,752000
Cindi Cintya Dewi,Music & Dance,752000
Lintang Akayla,Daily vlogs,752000
Sweety Pie Channel,Animation,751000
kawan dapur,Food & Drinks,750000
KBN Nusantara,News & Politics,750000
John Adha,DIY & Life Hacks,750000
~RINACHANS~,Animation,749000
LOMBOK MULTIMEDIA,News & Politics,749000
Fens cw2 gaming,Video games,749000
AFTERSHINE Official,Video games,748000
el pranoob,Animation,748000
Cetakskor IDN,Sports,747000
KELUARGA MANURUNG,Daily vlogs,747000
Aida Afifah,Mystery,747000
Analiyana channel,Daily vlogs,747000
Jacqueline Bastiaan Wijaya Official,Daily vlogs  | Travel,747000
Lis Achmady,Food & Drinks,746000
Ramdany_Eka2,Music & Dance,746000
Judika Duma Family,Daily vlogs | Music & Dance,746000
DASA STUDIO,Music & Dance,746000
Teuku Iqbal Johard,Mystery,746000
Film Maker Muslim - FMM Studios,Movies,746000
REN,Video games | Animation,746000
Jose Aditya,Education,746000
Faza Media,Education,746000
Gamer Developer,Video games,745000
Agus Hadi,Toys,745000
Coilbook Indonesia,Animation,745000
Shinmaster,Video games | Animation,744000
Netralizer Ghost,Mystery,744000
Ade Sulistio,Music & Dance,744000
Entruv,Video games,744000
JunyTony - Cerita Dan Lagu Anak-Anak,Music & Dance,743000
Yogi Filioza,Movies,743000
Flora_Zone,Animation,743000
ANDI COBRA,Sports,743000
Rudi Gmg,Video games,743000
Harris Channel,Animation,742000
Dance Show,Music & Dance,742000
Anom Sukarno,Animation,741000
Klewesssss,Humor | Design/art,741000
Anisahar Channel,Animation,741000
GAMAL,Podcast,740000
ANICA NADA Channel,Music & Dance,740000
ApriNaLdyTM,Music & Dance,740000
Kayangan,Animation,740000
RawanaCerita,Movies,739000
Son Of Litnerd,Music & Dance,739000
MH Ayam Cuties,Animal & Pets,739000
Sielwan,ASMR,738000
Falls Melody Otodidak,Music & Dance,738000
RifpiX,Video games | Animation,738000
SNI ANIMATIONS,Animation,738000
BA MUSIK STUDIO,Music & Dance,737000
Selfi Yamma LIDA,Music & Dance,737000
GMJ MULTIMEDIA,Show | Music & Dance,737000
Lover Gaming,Video games,737000
Tina XL,ASMR | Food & Drinks,736000
Haris Pohan,Movies,735000
Najwa Daraini,Humor,735000
Salam Inspirasi,Education,735000
Aman alfarisii,Humor,735000
M story official,Humor,734000
Shine Of Black Official,Music & Dance,734000
Elvino Studio,Humor,733000
Budiono Sukses,Food & Drinks | ASMR,733000
BAV5,Sports,732000
Animal Defenders Indonesia,Animal & Pets,732000
Bob The Train Indonesia - Kartun & Lagu Anak Anak,Animation | Music & Dance,731000
Shanna Shannon,Music & Dance,731000
IKHSAN FT SHORTS,Design/art,731000
Rusman family,Humor | Daily vlogs,731000
Ranelsi Sumarta,Video games | Daily vlogs,731000
Govrin Ide Creative,DIY & Life Hacks,730000
Eko gamevideography,Music & Dance,729000
Den Imran Official,Food & Drinks | Humor,729000
KAKINA,Animation | Mystery,729000
Rindy Nella Krisna,Beauty,728000
RIO BARA BERE,Movies,727000
Mrs. Culinary,Food & Drinks,727000
UzeMing,Video games | Animation,727000
SKAK Studios,Mystery | Podcast,727000
Flambon Channel,Humor,727000
Bule Bolang,Travel,726000
ArtodiPro,Science & Technology,726000
Pria Seratus Persen,Animation,726000
Rayupinu,Food & Drinks,725000
Kepoin IT,Science & Technology,725000
GA Tv,Humor,725000
abidzar channel,Daily vlogs,724000
Islam Terkini,Education,724000
Akmal Tubs,Video games | Animation,724000
Ki mercon Official,Mystery ,724000
KELUD MUSIC,Music & Dance,723000
Miaw Animal Toys,Toys,723000
Captain Barbershop ID,Fashion,722000
Dunia Video,Movies,722000
XPOSURE MEDIA,Daily vlogs,722000
o.sychewa,Music & Dance,721000
Kuliner Hits!,Food & Drinks,721000
CBC Creative,Podcast,721000
JINISO Entertainment,Music & Dance | Fashion,721000
farelogic,Daily vlogs,720000
Arsitektour Indonesia,Design/art,720000
Republika Mahasiswa,News & Politics,720000
Sobat Dunia,Humor,720000
Dhanny Arman28,Video games,719000
Nas4rt Pedia,Animation | Design/art,719000
Hajar Pamuji,Movies,719000
Bangferena,Video games,719000
Matahatipemuda,Education,718000
Frislly Herlind Official,Daily vlogs,718000
Seps,Humor,718000
KYO2D Chanel,Video games,717000
YATEKNO.COM,Science & Technology,717000
Wita Nadia Dua,Daily vlogs | Music & Dance,717000
D Billions Indonesian,Music & Dance,716000
9 REFOCUS,Movies,716000
Caitlin Halderman,Daily vlogs | Music & Dance,716000
Masjid Raya Bintaro Jaya TV,Education,716000
Denden Gonjalez,Music & Dance,716000
the edukasi,Education,716000
Game Zone 17,Animation,715000
Rio Ardhillah,Daily vlogs | Mystery,715000
Sapidermen,Video games,714000
Zrone Gaming,Video games,714000
Tinta Mahabbah,Education,712000
Lenzi Mew,Video games ,712000
MineHezz,Video games ,712000
ayukk kuliner,Food & Drinks,712000
MUSIC VIZTA,Music & Dance,711000
Baqa Baga,Video games ,711000
BOCAH LINGGAU,Music & Dance | Animation,711000
GrdArena,Sports,710000
Zefanya Oyanio,Daily vlogs,710000
Fianmuh,Travel,710000
Women Generation,Movies,710000
Dzrf22_Craft,Video games ,709000
FunnyVibes23,Humor | Show,709000
Hajar Win,Design/art,709000
Kerajinan 5-menit DIY,DIY & Life Hacks,709000
Awit Tv,Food & Drinks,709000
Seepi & Ketty,Music & Dance | Animation,708000
MOMON VLOG MAX,Food & Drinks,708000
Bu Des Kempot,Daily vlogs,708000
coxii ARC,Video games,708000
Jessica Mila,Daily vlogs,708000
andi ss,Show ,707000
AKSEN MUSIK,Music & Dance,707000
AY FAMILY,Daily vlogs,707000
Dolewak,Animation,706000
Kang Batagor,Music & Dance,706000
Iwan Fals Music & Dancea,Music & Dance,706000
ANAS FIKRY,Daily vlogs,706000
Fransiska Tien,Food & Drinks,705000
Safira Inema [Official],Music & Dance,705000
Distrik Anime,Animation,705000
Kreator Kaligrafi,Design/art,705000
Tri Aditya,Music & Dance,705000
Sunny and Chris,Daily vlogs,705000
Pupuww,Video games,704000
Superbook Indonesia,Animation | Education,704000
Ferry Kesuma,Daily vlogs,703000
Sajian Sedap,Food & Drinks,703000
Sejarah Bola,Sports,703000
ELNINO MUSIC,Music & Dance,703000
Skibidi Style,Animation,703000
Restu Gaming,Video games ,702000
Pinasthika,Humor | Show,702000
Daunnet Media,Science & Technology ,702000
Steven Ivander,Mystery,701000
GNC MULTIMEDIA CHANNEL,Music & Dance,701000
Rs gaming,Video games | Animation,701000
Is170 Creators,Mystery,701000
Dunia Shinobi Official,Mystery,701000
It's Me Fayy,Animation,700000
drumNDRUM,Music & Dance,700000
Boruto Flash,Animation,699000
RESEP HERNIS,Food & Drinks,699000
Yoga Arizona,Show | Humor,699000
Kreatif Panda,DIY & Life Hacks,699000
YOSHIOLO,Fashion,698000
Cak Sugiono Channel,Humor,698000
Melobi,Animation,697000
ALINK STUDIO Production,Music & Dance,697000
Super Truck - Bahasa Indonesia,Animation,697000
MSBH13,ASMR,697000
diary bude,Daily vlogs,695000
Tanduria | Urban Farming,Education,695000
Ojan FM,Humor,695000
Iyuz misterius,Music & Dance,694000
Anna Ladaina,Video games | Beauty,694000
Yoyok Official,Daily vlogs,694000
Masakan Mama Ina,Food & Drinks,693000
iCallO,Animation,693000
Hobi Masak,Food & Drinks,693000
JAZ,Music & Dance,693000
Winson Reynaldi,Podcast | Daily vlogs,693000
Dina Celine Official,Show ,692000
Ya Begitulah,Humor,692000
WASAITUBE,Video games,692000
Kaboax Channel,Humor,692000
Aykhen,Mystery,692000
KUNTEL FILM,Movies,692000
A8 Official,Humor,692000
iSendal,Humor | Animation,691000
Theresia Tutik,Movies,691000
Bersama Stfyani,Food & Drinks,691000
SuHao,Food & Drinks,691000
flattiboy,Animation,690000
MVP Classic Video,Movies | Humor,690000
18 Production - Konser Musik Indonesia,Music & Dance,690000
Dhani Hehe,Video games,690000
Hidup Sehat tvOne,Health & Self Help,690000
Fesya Sahara,Sports,689000
Riyandi Kusuma,Music & Dance,689000
Carmudi Indonesia,Autos & Vehicles,688000
Agus Priyambodo,Music & Dance,688000
Jay Stefan,Music & Dance,688000
Cimix 29,Travel | Education,688000
RIFIRDUS,Animation,687000
Rikoanggah,Movies,687000
Ustadzah Halimah Alaydrus,Education,687000
Kartun Anak,Music & Dance | Animation,687000
Thomas & Friends Indonesia,Music & Dance | Animation,686000
AGA PILLOW,Music & Dance ,686000
AxeGOD,Video games,686000
Epan Mv Channel,Show | Humor,686000
RUMPIIN SETAN,Mystery,686000
Takiya Edi Official,Show | Humor,685000
Fathia Izzati,Podcast | Daily vlogs,685000
X Ball Productions,Sports,684000
GGLIVEKING,Show | Humor,684000
SkibSHORTS,Video games | Animation,684000
Vid Friends,Show | Music & Dance,683000
Bilqis Hafsa,Daily vlogs,683000
GUYON VAN JAVA,Humor,683000
BRE GAMING,Video games,682000
Le GuruLes,Education,682000
Fauzan Gaming,Video games,681000
HusinMS,Video games,681000
Little Angel & Teman-teman - Lagu Anak,Music & Dance | Animation,680000
Ayana Moon,Daily vlogs,680000
MUSIC Solution,Music & Dance,680000
Sahabat Salam,Daily vlogs,679000
alitt susanto,Autos & Vehicles,679000
vvxoFingerstyleTab,Music & Dance,679000
Idgitaf,Music & Dance,678000
Togu Official,Travel,678000
NapLive,Daily vlogs,677000
WORLDCONTENT,Mystery,677000
Azis Firdaus,DIY & Life Hacks,677000
RishGames,Video games,676000
creator youtube,Mystery,676000
Kodhel Choa,Show | Humor,676000
Hi Made,Food & Drinks,675000
DenDenny,Mystery,675000
Noerwan Cahya,Toys,675000
Dunia Games,Video games,675000
MAHA GADGET,Science & Technology,675000
Pangeran Mars,Animation,675000
Dimensi 99K,Sports,675000
Meledawwggg,Daily vlogs,675000
Lagu Anak Terbaik,Music & Dance,675000
Hipnoterapi Sidiq SIP,Health & Self Help,675000
MasakTV,Food & Drinks,675000
Tiru tiru channel,Humor,675000
Monster Bombastic,Show | Humor,675000
Sukabalapmotor official,Autos & Vehicles,674000
B Channel,Autos & Vehicles,674000
Mainan Oyenn,Toys,674000
Horeyes Gaming,Video games,674000
Mr Draw,Design/art,674000
Altaf Isyam,Music & Dance | Animation,674000
UPoint Esports,Podcast | Video games,673000
PGH3 CHANNEL,Show,673000
Alifian,Video games,673000
Red rabbit,Animation,673000
Sonic venture,Video games,673000
BRO RICARDO,Autos & Vehicles ,672000
Ifan Seventeen TV,Music & Dance,672000
NG Short,Movies,672000
MusikQ,Animation,671000
Langit Ku,Daily vlogs,671000
Qipli BDL,Music & Dance,670000
BESOK PAGI,Mystery,670000
Nakki,Video games | Animation,670000
Andika BuncAzca,Show | Humor,670000
nyaimia,Show | Humor,670000
Farel Prayoga Official,Music & Dance,670000
GL Remix,Music & Dance,670000
Kucing Yatim,Animal & Pets,670000
Abdul Rahman R,Humor,669000
Zona Cinema,Animation,669000
KabarPedia,Education,669000
ATOK LABU,Humor,669000
Seekor Lebah,Education,669000
Ragam Manfaat,Food & Drinks,669000
Dokterpedia.net,Health & Self Help,669000
Mila Alawiyah,Daily vlogs,669000
SellaChan,Video games,668000
Arches Family,Toys,668000
Memey Jasmine,Show | Humor,668000
CHY,Show | Humor,668000
Ustad Lutfi Alfaqih,Education,668000
Syekh Muhammad Al Fuli,Education,668000
Mainan Fia,Animation | Toys,667000
MANAY,Daily vlogs,667000
KALPANA SAKURA,Animation,667000
Isal Abdirrohman,Show,667000
Heleh Pilem,Movies,667000
kedas beauty fansbase,Beauty,667000
HERU GUNDUL,Food & Drinks,667000
Bestindotech,Science & Technology,666000
Deka Tutorial,Design/art,666000
Zona Bermain Anak,Toys,666000
Viona,Humor,666000
Try Film,Show | Humor,666000
Paopao,Daily vlogs,666000
Nabila Sani,Education,666000
Dory Harsa Music & Dance,Music & Dance,666000
CnX Shorts,Show | Humor,665000
Paupau,Video games,664000
ESQ World,Education,664000
Wizz Baker,Music & Dance,664000
ONIC Esports,Video games,663000
Gel angelicca,Beauty,663000
Raisha Aksha TV,Video games,663000
Sehat Secara Alami,Health & Self Help,663000
Sasa Tasia Channel,Music & Dance,663000
Lin's Cakes,Food & Drinks,663000
Nulzz YT,Animation,663000
FT Tube,Animation,663000
RIFAT PUTRA NORINE,Show | Humor,661000
Visitani,Education,661000
Dyodoran,Food & Drinks,661000
MONGGO DIORDER,Food & Drinks,660000
Ayon,Video games,660000
Harald Arkan,Autos & Vehicles ,660000
Halkit Oke,Music & Dance,660000
Fadli Faisal,Daily vlogs,660000
NeruNeruSon,Food & Drinks,660000
AMyt,Animation,659000
Kaishi,Video games,659000
Nugroho nyah nyoh (kids),Video games,659000
K-cunk Motor,Autos & Vehicles ,659000
SINAGA TULTUL,Animal & Pets,659000
Elvano Channel,Show | Humor,659000
Chas Entertainment - Chasbi Chus,Daily vlogs,658000
Putra Teguh,Video games,658000
ALAM ORGANIK,Education,658000
Bagja Vlog,Food & Drinks,658000
Ceritanya Velin,Food & Drinks,657000
Pak Utis,Show | Music & Dance,657000
Ciciyo,Video games | Animation,657000
Thari Tube HD,Animation,657000
Evolene Official,Sports,657000
Superbean Family,Daily vlogs,657000
SEHAT TANPA OBAT,Health & Self Help,657000
Little Treehouse Indonesia - Lagu Anak Anak,Music & Dance,656000
The OleKid,Video games,656000
Raim Laode,Music & Dance,655000
AGUSSY,Video games,655000
Mata Pena,Movies,655000
Adena Orlin Channel,Toys,655000
naufal menggambar,Design/art,655000
aseli bmx,DIY & Life Hacks,655000
Upin & Ipin Coklat,Animation,655000
Alter Ego Esports,Video games,654000
Enzo Fooball,Sports,654000
Fauzi Cahya,Toys,654000
Umi Waliah,Show | Humor,654000
Natya Shina,Fashion | Daily vlogs,653000
Yongki Gunawan,Food & Drinks,653000
REVO RAMON CHANNEL,Music & Dance,653000
CERITA JALANAN,Daily vlogs,653000
ADE ASTRID,Music & Dance,652000
Koko Record HD,Music & Dance,652000
Boby Berliandika,Music & Dance,652000
Gotcha! Indonesian,DIY & Life Hacks,652000
Dewi Sodor,Show,652000
gluvfy,Movies,652000
Kapten Truk,Toys,651000
JPro CarVlog,Autos & Vehicles ,651000
PISCOKLAT ANIMASI,Animation,651000
Ardiansyah05,Daily vlogs,651000
Arka Fams,Daily vlogs,651000
SOIMAH OFFICIAL,Music & Dance,650000
TIMNAS TV,Sports,650000
CLEMENT JN,Video games | Animation,649000
Phesi Esterju,Food & Drinks,649000
BOLLON 3S,Travel | Education,649000
Gisella Anastasia,Daily vlogs,649000
ArisKaryana (Abah Yan),Show | Humor,649000
Ratu Aulia,Daily vlogs,648000
KEVIN STUDIO,Music & Dance,648000
Nusantara House,Music & Dance,648000
Moonella and Family,Daily vlogs,648000
UB ISLAMI,Animal & Pets,648000
GALZ,Sports,648000
HEYYUD 19,Video games,647000
Pon Kevin,Animation,647000
Lirik Minang,Music & Dance,647000
Anak Muslim,Education | Animation,647000
el ghoniy,Music & Dance,647000
Adel Angel,Music & Dance,647000
DJ Aris Team,Music & Dance,647000
Mama Ega Ramlan,Video games,647000
ASISI Channel,Show | Animation,647000
Vincedi gg,Science & Technology,647000
Mama Akshara,Food & Drinks,646000
Wielino INO,Video games,646000
ChenLuc,Humor,646000
Ester Wijaya,Beauty,646000
Hii Arys,Humor,646000
Aviva Viannur,Animation,646000
Resep Borneo,Food & Drinks,646000
Evan Media,Food & Drinks,645000
DEKWANWAN,Animation,645000
Tukang Kliping,Education,645000
capiicron,Video games,644000
Otan GJ,Sports,644000
AJIS PIRMANSYAH OFFICIAL,Travel,644000
Kepala Polisi Labrador - Kartun Anak-Anak,Animation,644000
andiase01,Animation,644000
GEYONG CLUB,Daily vlogs,644000
Yoan Exe,Video games,643000
RITA NURMALIZA,Daily vlogs,643000
STP BREAKBEAT,Music & Dance,643000
DJ JEJE RIMEX,Music & Dance,643000
Sheila on 7 Tv,Music & Dance,642000
SI AA ZAFRAN,Humor,642000
Hedz Gaming,Video games,641000
James Adam,Music & Dance,641000
AmboeNihGess,Video games,641000
Belajar Era Digital,Education,641000
ANIME NIA,Animation,641000
Kur,Video games,641000
Indomusik Digital,Music & Dance,640000
SAINT AW,Video games,640000
Andy Senjaya,Science & Technology,640000
bang onim care,Education,640000
arsitek channel,Design/art,640000
itszifa,Fashion | Beauty,640000
iQIYI Indonesia - Get the iQIYI APP,Movies,640000
TUKANG AB,DIY & Life Hacks,639000
JAKS NR,Video games,639000
Fathir Salim,Food & Drinks,639000
Fans mikael tube hd,Music & Dance,639000
Armila Official,Mystery,638000
Deddy Keyboard,Music & Dance,638000
Si Alinn,Video games,637000
Ratna Rahayu Rosadi,Sports,637000
MAMAK DASTER MEDAN,Show | Humor,636000
Rifato,Autos & Vehicles,636000
Kobi Moviess,Movies | Animation,636000
HP Records,Music & Dance,636000
Rumah Editor,Movies,636000
Hobby Bermain Official,Toys,636000
pelajaran333,Animation,636000
Jo-Sport,Sports,635000
Siapa Takut!,DIY & Life Hacks,635000
Vil14 YT,Video games,635000
WANNA BEE OFFICIAL,Music & Dance,635000
HR Gram Studio,Animation,635000
Neng Nada Official,Music & Dance,635000
• melda putri official•,Animation,635000
Vivianne Wang,Music & Dance,634000
Timnas Tiap Hari,Sports,634000
Mobile Legends Academia,Animation,634000
Mak Trinil,Show | Humor,632000
Zoe Levana,Daily vlogs,632000
Kelas Cinta,Education,632000
Dunia Kucing kampung,Animal & Pets,632000
YUNI YUNDHEY,Food & Drinks,632000
Natta Wardah,Daily vlogs,632000
Rahmat Channel,Daily vlogs,631000
Mr. Hulk Gaming,Video games | Animation,631000
Super Supremes Indonesia - Lagu anak anak,Music & Dance | Animation ,631000
Mas Dendy,Show,631000
Clarissa Shorts,Show,631000
Luthfi Aulia Chandra,Music & Dance,630000
Film Shorts,Movies,629000
CXO Media,Podcast | Music & Dance,629000
Ka Asep,Daily vlogs,629000
KOLOR CEPLOK,Animation,629000
Zhiee Leely,Daily vlogs,629000
Metha Zulia,Music & Dance,629000
JNF TRUCK,Toys,628000
saykojigor,Music & Dance,628000
IKSAN SKUTER OFFICIAL,Music & Dance,628000
DIY Crossbow,DIY & Life Hacks,628000
Wanto Goweng 212,Mystery,627000
ZAN,Video games,627000
Fandy 3996,Show | Humor,627000
SONU PAII,Humor,627000
Jessica Dava,Daily vlogs | Travel,627000
Lemonade,Music & Dance,626000
Film Populer Official,Movies,626000
gontortv,Education,626000
LaRanta Entertainment,Humor,626000
Rizka wadiono,Mystery,625000
IM MITSUYA,Animation,625000
BLAST CINEMA,Movies,623000
Steve Jou,Autos & Vehicles | Daily vlogs,623000
Fajar Sukmaludin,Video games,623000
Calon Guru (Kanjeng Mariyadi Ngawi),Education,623000
Rizal Rans,Autos & Vehicles,622000
Ghea Indrawari,Music & Dance,621000
adinda amira,Beauty | Food & Drinks,621000
Taman Inspirasi,Science & Technology | Education,620000
Ken n Kal,Family & Parenting | Daily vlogs,620000
FlashGadget,Science & Technology,619000
Apriliano Yudha,Show | Humor,619000
Maz Zhakir,Food & Drinks,618000
Shabia Megaranto,Family & Parenting | Daily vlogs,618000
Kangmas Tani,Science & Technology | Education,618000
DitaKerang,Humor | Daily vlogs | Show,618000
Starla In Love,Show | Humor,617000
Tim Loot,Video games,617000
Stefany Talita Visa,Beauty,617000
Ratu Risma,Video games,617000
Ery Ferdian,Video games,617000
Tryana,Music & Dance,617000
ZZ TOYS,Toys,616000
Sir Pai,Video games | Travel,616000
RIDOODIRI,Video games | Podcast,616000
Samsul CH,Video games,616000
DAPUR MAMA,Food & Drinks,616000
ICHAL KORG,Animation | Show,616000
MARVEL THE MARVELOUS,Animation | Show,616000
SIHO LIVE ACOUSTIC,Music & Dance,615000
fitrop,Family & Parenting | Daily vlogs,615000
Danes Rabani,Music & Dance,615000
Yoss MV,Autos & Vehicles | Daily vlogs,615000
SENIMAN JALANAN,Design/art,615000
Niko_ Channel,Travel,614000
nomaddelia _,Travel,614000
Shelly Ceyii,Travel | Video games,614000
Galeri Bermainku,Toys,613000
Bang Koboi,Autos & Vehicles,613000
Jane Abigail,Travel | ASMR,613000
iwan clasher,Video games,613000
Bray Moviess,Movies,612000
ZARE STM,Video games,612000
Kak Joe,DIY & Life Hacks,612000
Cinta official,Animation | Show,612000
Yunia Official,Animation | Show,611000
Jennie Linando,Travel | Food & Drinks,611000
Pesona MB,Family & Parenting,610000
Armand Maulana,Podcast,610000
Akmal Riadi,Science & Technology,610000
Bang Mpin,Food & Drinks | ASMR,610000
Jejak Anak Camping,Travel,610000
Christie Basil,Fashion,609000
Ayu Rahayu,Fashion | Toys,609000
Rio Wamelow,Video games,609000
Ielle Zael,Family & Parenting,609000
Baby Doll Channel Indonesia,Show | Humor,609000
Stevany Supardi,Travel | Food & Drinks,608000
FADHILKUN ELITZ,Video games,608000
Simpang Empat,Show | Humor,608000
SonFai Family,Family & Parenting,608000
AudreyFF,Video games,608000
Eza Hazami,Education,608000
MOBIL CEPOT,Toys,608000
abu tosca,Food & Drinks,608000
Isma Zahira,DIY & Life Hacks,607000
Amelicano,Travel | Food & Drinks | Daily vlogs,607000
Nia Agustini,Daily vlogs,607000
D.A.K Lea,Food & Drinks,607000
Napri Boy,Video games,607000
Adzando Davema,Music & Dance,606000
Asto,Video games,606000
Cathflo Art,Design/art,605000
DidanMDF,Video games,605000
Rajaservis channel,Autos & Vehicles,605000
InsanAoi,Music & Dance,604000
Spade,Video games,604000
Billy Christian,Mystery | Travel,604000
Cheryl Rhea1511,Animation | Show,603000
Kloits,Video games,602000
ETER WiL,Video games,602000
Resep Mamah Nizar,Food & Drinks,602000
GizanG15,Video games,602000
Cantika Putri,Beauty,602000
Dea Gingsul,Animation | Show,601000
Royz Gaming,Video games,601000
GIHON MAREL LOIMALITNA,Music & Dance,601000
Ginda & Riyad,Travel,601000
Eko Kucay,Autos & Vehicles,600000
PINOUNO,Movies,600000
fradityagatha,Daily vlogs,600000
PAP COOK,Food & Drinks,599000
auliya rahmahYT,Video games,599000
Kuliah Sore,Science & Technology,599000
Seerangga gaming,Video games,599000
Ical Nst,Video games,598000
Nia Frost?,Video games,598000
Adira Sahara,Daily vlogs | Family & Parenting,598000
Filo Sebastian,Mystery | Podcast | Movies,598000
Dapur Bu Haji,Food & Drinks,598000
CryspyPasta,Animation | Show,598000
Valencia Nathania,Beauty,598000
Dewa Eka Prayoga,Education,598000
MAS DUREN,Food & Drinks,597000
Sandrina Azzahra,Music & Dance,597000
JUSTIN LIEE,Music & Dance,597000
Kakak Kakak Nongkrong,Podcast,597000
"dr.Kamilah Jaidi, MARS, Dipl. AAAM",Health & Self Help | Beauty,596000
SDT meubel,Science & Technology,596000
KeiKei,Video games,596000
Mr.D,Mystery,595000
KoySNTY,Video games,595000
STORYNEMA,Movies,595000
Anissa Aziza,Family & Parenting | Daily vlogs,595000
Rayyen Story,Animal & Pets,595000
GontaGantiHape,Science & Technology,594000
Iwann Takraw,Sports,594000
Rayyan Al Ghazali,Food & Drinks,594000
Positiverse Creations,Movies,594000
Green Milk,Animation | Show,593000
Arvan'S,Video games,593000
Zahid Ibrahim,Education,593000
Dikky Saputra,Video games,593000
ftv mini,Show | Humor,593000
Rashif Mutaz,Video games,592000
Hendra Setyo,Education,591000
Abang Narji,Daily vlogs,591000
Nafisa Fidela Gaming,Video games,591000
Ardhito Pramono,Music & Dance,591000
BlackBee,Video games,590000
SANDEKALA,Animation | Show | Mystery,589000
PLAT Z H,Video games,589000
Petualangan Jamal Laeli,Animation | Show,588000
MEGADAV,Video games,587000
BigRoyyan,Video games | Show,587000
Alwisusilo,Video games,587000
Insight Chamber,Education,587000
Isda Family,Family & Parenting | Daily vlogs,587000
nero,Movies,587000
HELLO AA VLOG,Toys | Family & Parenting,587000
Hujan Tanda Tanya,Education,587000
Ade Koerniawan,Food & Drinks,586000
ADAM VIBES,Music & Dance,586000
GenzzTV,Video games,586000
Dunia Queen Ceria,Animation | Show,586000
icha lovely,Show | Humor,586000
TV Otomotif,Autos & Vehicles,586000
RAWI BEAT,Music & Dance,585000
BOT,Video games,585000
Tahta Rizky Origma,Travel,584000
Abay Saputra,Movies,584000
rusdi,Music & Dance,584000
arie perkasa,Autos & Vehicles,584000
Romaria Simbolon,Daily vlogs,583000
PING LIE,Education,582000
Hey Lia !,Toys,582000
Diary Siska,Food & Drinks,581000
Deeway Gembel,Animal & Pets,581000
JodieMotovlog HD,Autos & Vehicles,581000
Paris May,Video games | Animation,581000
Kenta Manis Channel,Autos & Vehicles | Food & Drinks,580000
Rumah Musik Kita,Music & Dance,580000
Dycal Siahaan,Music & Dance,580000
Mr Fanziq,Animal & Pets ,580000
Adi Dharma,Food & Drinks | ASMR,579000
Chris Andrian,Music & Dance,579000
Razzan Production,Food & Drinks | ASMR,579000
Ken Boo,Video games,579000
RevivaLTV,Video games | Podcast,579000
Maminya VinZhi,Family & Parenting,579000
Yuvi Phan,Mystery | Podcast,578000
FILDAN CHANNEL,Family & Parenting | Music & Dance,577000
Fitry Wijayawan,Travel,577000
Abang Rafa Channel,Toys,577000
SLMUSIC,Music & Dance,576000
MURNI YANTI OFFICIAL,Video games | Animation | Show,576000
Kiara Leswara,Beauty,575000
BOY BR,Video games | Animation,575000
Crispy Cendy,Video games,575000
Larics Family,Family & Parenting,575000
andrea ramadhan,Travel,574000
Laiqul,Science & Technology,574000
The Baldys,Family & Parenting | Travel,574000
KingTae Channel,Video games,573000
deHakims Junior,Family & Parenting,573000
Dodi Wijaya,Travel,573000
Aranza AL-Ghifari,DIY & Life Hacks,573000
RANS1717,Family & Parenting | Travel,572000
Aluna Dan Amanda,Family & Parenting,570000
Kocheng Rebahan,Movies,570000
Mobil Kecil,Toys,570000
Timon Adiyoso,Education,570000
danielbieje,Video games,570000
Delfano Charies,Daily vlogs,570000
Cindy Jihan,Beauty,570000
Furry Setya,Humor | Daily vlogs,570000
Sidik motor,Autos & Vehicles,569000
Adam Tubs,Video games,568000
Yuda Bustara,Food & Drinks,568000
Keripik kentang Mas boy,Video games | Family & Parenting,567000
Lempar Dadu,Food & Drinks | Education,566000
Royan Art,Animation | Show,566000
Samsolese ID,Daily vlogs,565000
Moo Chii??,DIY & Life Hacks,565000
W.N COOKING,Food & Drinks,565000
Febby Rastanty,Travel,564000
DUNBO CRAFT,Video games,563000
lindakayhz.video,Beauty,563000
NapKing,Video games,563000
Nuria & Mom,Family & Parenting | Travel,563000
Youtuber Cupu,Science & Technology,561000
FATMAH BAHALWAN,Food & Drinks,561000
Fiction Toys,Toys,561000
AGUS LEE,DIY & Life Hacks,561000
Habeg Kuliner,Food & Drinks,561000
Diet Santuy,Fitness,560000
Ahmad Fahry,Travel,560000
Ali Shodikin,Music & Dance,560000
Ragam Khasiat,Health & Self Help,560000
Dokter Mobil Indonesia,Autos & Vehicles,559000
Kriwilife,Sports,559000
Fomalhaut Zamel,Family & Parenting,559000
JAJAN RANGER,Food & Drinks,558000
Regina Amalia Salim,Fashion,558000
RPG Clips,Video games | Travel,558000
Irvan Guppy,Animal & Pets,558000
Belajar bahasa inggris dengan Mr. Radja,Education,558000
Mister Cempreng GG,Video games,558000
Ai TIVI,Mystery,557000
JAJAGO KELILING INDONESIA,Travel,557000
Irja Nailal Ulya,Travel,557000
masiko tv,Animal & Pets,557000
Kalam Official,Humor | Show,557000
LunathicSkyes,Science & Technology | Education,557000
DRV CHANNEL,Health & Self Help,556000
Glentina Pasaribu,Food & Drinks,556000
yunus guitarist,Music & Dance,556000
Lifa Latifah,Music & Dance,556000
Fakhira Kibbo,Family & Parenting | Daily vlogs,555000
Putu Reza,Science & Technology,555000
Hasan Cilung,Food & Drinks,554000
Geza Ramadhani,Video games,554000
RANDY SHORT GEMING,Video games,554000
Echa Laksmi,Daily vlogs | Design/art,553000
Dicky Setiawan,Family & Parenting,553000
BACILAS,Video games,552000
Hairnerds Studio,Beauty,552000
Aldo Bz,Music & Dance,552000
Syah Rinduuu,Video games,552000
Togapras,Education,552000
Neldi Arief,Video games,552000
Mario Iroth,Travel,551000
inti news,News & Politics,551000
VALDY NYONK AJA,Music & Dance,551000
Romansyah,Video games,551000
DJ RERE MONIQUE R2M,Music & Dance,550000
BabyLa Nabila,Video games,550000
Wahana Records,Music & Dance,550000
Apid Gaming,Video games,550000
adeetboy,Daily vlogs,550000
The Pattar Project,Family & Parenting | Daily vlogs,550000
TRANS Food Channel,Food & Drinks,550000
Nayla Denny Purnama,Movies | Daily vlogs,549000
NASIDA RIA MANAGEMENT,Music & Dance,549000
Arip Mustika,Daily vlogs,549000
Abah Gamer,Video games,548000
Celengan Film,Movies,548000
UBR Entertainment,Movies,548000
KH INFOTAINMENT,News & Politics,548000
Oscar Bamboo,Music & Dance,547000
PIJE Music & Dance,Music & Dance,547000
WAW Entertainment,Music & Dance,547000
Mugiq,Humor,547000
Johan cafe,Humor,547000
BRAH,Movies,547000
Riyo Fulana,Education,547000
48 Febi R.A 48,Movies | Humor,547000
Paupao Family,Daily vlogs | Family & Parenting,547000
JWestBros,Food & Drinks,547000
ALamiah,Education,547000
Ricky Pepeng,Food & Drinks,547000
ERIDIEN TV,Daily vlogs | Humor,547000
GTV - Entertainment,Music & Dance,547000
Huda Pahlevin,Mystery,546000
FM art channel,Design/art,546000
Siapp Update,News & Politics | Education,546000
INDOZONE MEDIA,Education | News & Politics,546000
SuDJU,Movies | Video games,545000
Mobil Xpress,Toys,545000
Agusleo Halim,Education,545000
RHYSEE,Movies  ,545000
Munandar TV,Education | Science & Technology,545000
ALIF FUN TIME,Video games,545000
Jari Netizen,Movies,545000
RHIA LESTARI,Music & Dance,545000
Mamah De Kiky,Family & Parenting | Daily vlogs,545000
Kucing Glory,Humor,545000
SPORTAWAYS,Sports | Health & Self Help,545000
FTV ROMANTIS 2022,Movies,545000
NHIS,Autos & Vehicles,545000
Kelvin Kurniawan Shorts,Toys | Education,544000
Bang brew Tv,Mystery,544000
KB,Video games,544000
Amirul Mukminin,Education,544000
TeguhPres,Science & Technology,544000
PENA PENCARI HIKMAH,Movies,543000
SEA5,Autos & Vehicles | Education,543000
Mentari Senja TV,Education,543000
BETIZEN,Humor,543000
Anom songot,Humor,543000
Dunia Budi,Video games,543000
Papa Artha,Movies,542000
Ana Official,Video games,542000
Esa Risty Official,Video games,542000
IAN BAPONTAR,Autos & Vehicles | Education,542000
Desain Rumah 36,Design/art,542000
Wesley Huang,Education | Beauty,542000
Lagu Pop Terbaru,Music & Dance,542000
RodjaTV,Education,542000
FAS Drawing,Design/art,542000
Axeline,Education,541000
NAGASWARA TV Official,Music & Dance,541000
YUSUKE?wasedaboys?,Food & Drinks | Daily vlogs,541000
Mister Sarimen,Humor,541000
Nadia Ulfah,Video games,540000
Guru Paranormal,Education,540000
Poppy Amalya,News & Politics,539000
Fariz 3D Paint,Design/art,539000
kerodiamond,Video games,539000
POWERRANSGERS,Daily vlogs,539000
Razqa And Salma,Family & Parenting,539000
music Remix561,Music & Dance,538000
Gina selalu Gina,Food & Drinks,538000
Afan tamata,Video games,538000
Dinart Tomboy,Food & Drinks,538000
IRUL GAMING,Video games,538000
SATPAM HOROR,Mystery,537000
Obbyphyte,Video games,537000
SOBAT TATE,Music & Dance,536000
Fadhel Reyhan Official,Daily vlogs,536000
SANG EXPLORE,Mystery,536000
Lunga Mancing,Daily vlogs,536000
Bunda Cinta,Food & Drinks,536000
Omo Kucrut,Music & Dance,536000
Calvin Nanda,Video games,535000
AR CHANNEL,Sports,535000
ContentFiilm,Movies,535000
VENTO PRODUCTION,Music & Dance,535000
RAKAT CHANNEL Official,Music & Dance,535000
Rudi Road,Autos & Vehicles,535000
Sahabat Film,Movies,534000
Yusuf Manubulu,News & Politics,534000
Derry Sulaiman And Sahabat,Education,534000
OniTube,Daily vlogs,534000
TX MUSIC ASIA,Music & Dance,534000
Mohercool,Video games,534000
Fathan Dasopang,Music & Dance | Humor,534000
Penerus Para Nabi,Education,534000
KOMENG Info,Humor,533000
Tian Storm,Music & Dance,533000
Jagra Abenk,Humor | Video games,533000
Om Andre,Autos & Vehicles | Education,533000
Decky Ryan,Music & Dance,533000
Fresh Moviess,Movies,533000
Wahyu Subuh26,Video games,532000
KEMBARA SUNYI,Movies,532000
Iklas Channel,Design/art,532000
Dinda Alifia,Humor,532000
livjunkie,Beauty | Education,532000
rachie ??,Music & Dance,532000
Footballindo,Sports,532000
Threborn,Humor,532000
Guru Hikmah,Education,532000
Agung Darmawan,Education,531000
Ever Slkr,Music & Dance,531000
The Wizard Royal,Video games,531000
Cinta Family,Family & Parenting,531000
SURYA PAMUNGKAS,Music & Dance,531000
Anak Kampoong,Education,531000
Ind Gold jewelry,Beauty | Education,531000
Angga Andinata,Education,530000
Nasrin zaky stone,Education,530000
SUMAGODIN,Daily vlogs,530000
Superjon,Video games,529000
Dandy Purwadinata,Sports,529000
Jejelogy,Autos & Vehicles,529000
DPS PRODUCTION,Music & Dance,529000
Tyas Prayoga,Education,529000
Seputar Perempuan,News & Politics,529000
JavaJazzFest,Music & Dance,529000
Simple Drawing,Design/art,529000
Bicara Indonesia,Education | Science & Technology,529000
Trader DNA,Education,528000
Kang Mas Andi,Autos & Vehicles,528000
RTH CH,Video games,528000
Kepoin Tekno,Science & Technology | Education,528000
Londo Jowo Kabeh,Sports | Daily vlogs,528000
YopaYepo - Pake V,Video games,528000
AFKAR STUDIO,Music & Dance,528000
Haico Van der Veken,Music & Dance,528000
MEINIAC,Food & Drinks | Daily vlogs,528000
channel Hadi lucu,Humor,527000
Duta shooting chanel,Show,527000
JOY stream,Video games,527000
PUTI MEYSHA VHEMY,Daily vlogs | Family & Parenting,527000
Channel Kucing 294,Animal & Pets,527000
Plane Car Toys,Toys,527000
El wijayanto TubeHD,Toys | Daily vlogs,527000
KOPRAL KOMANDO,Daily vlogs,527000
KemTV,News & Politics,527000
Berkah Talenta,Music & Dance,527000
Pdt. Mell Atock,News & Politics,527000
SHORT ELEVEN,Sports,526000
Momozhie Moviess,Movies,526000
Garasi Gecko Dalam Bahasa Indonesia,Animation,525000
MATA KETIGA,Education,525000
Pengepul Mobil,Autos & Vehicles,524000
Safira Sabrina,Daily vlogs | Family & Parenting,524000
HIVI!,Music & Dance,524000
YuBimba,Education,524000
41 PROJECT Official,Music & Dance,524000
Akbar Rais,Autos & Vehicles,524000
SNAIL Hunter 2,Animal & Pets,524000
Sarwanto H Swarso,Daily vlogs,524000
Bashfu,Education,523000
AIUEOS FAMILY,Family & Parenting,523000
Kirbar King,Video games,523000
rmheru,Video games,523000
Magelang Flasher,Science & Technology | Education,523000
New EJ multimedia,Show,523000
Momoy Android Gamer,Video games,523000
Abel Cantika,Beauty  ,523000
The Bramantyo,Daily vlogs | Family & Parenting,523000
SUDUT RUMAH,Mystery,523000
CHOPIE GAMING,Video games,523000
SYEM EL ARABY1,Daily vlogs,523000
Jacob Pieter,Music & Dance,523000
SOS OFFICIAL,Video games,523000
DW artworks,Science & Technology | Education,523000
Rahma Kornanila,Toys,522000
Gloomy Sunday Club,Animation,522000
TH GROUP CHANNEL,Animation,522000
citra sukma,Video games,522000
Rubby Pakhoy,Daily vlogs,522000
ZONA ANIME OFFICIAL,Animation,522000
Temu Karya TV Official,Daily vlogs,522000
MOBIL AM,Toys,522000
Ade Muhidin WS,Video games | Daily vlogs,522000
Rayn Tjoa,Animation,522000
DIAN ANIC OFFICIAL VIDEO,Music & Dance,522000
Yoggami,Video games,521000
Ardhianzy,Education | Mystery,521000
BANG MAMANG SUHU,Video games,521000
Maya Nadia,Animation,521000
Ikhsan Angga Kusuma,Fitness | Health & Self Help,521000
indoflashlight,Travel,521000
Uda Ridwan Channel,Education,521000
Mikocil,Video games,521000
mdp357,Movies,521000
Richard Putra,Podcast,521000
AGIAN VIRGOZZI,News & Politics,521000
HATTRICK,Sports,521000
BAYU KENDANG,Daily vlogs,520000
Hewan Viral 2,Animal & Pets,520000
Defan Update,Movies,520000
Kathok Ku,News & Politics,520000
Hijrah Indonesia,Education,519000
Ogick Andria,Daily vlogs,519000
Dewi Pobo,Daily vlogs,519000
Zee-Home,Education,519000
Hindia,Music & Dance,519000
Andreas Gaming,Video games,519000
Freaky Slurp Prod.,Humor,519000
Andra Ramadhan,Music & Dance,519000
WangKi ID,Video games,518000
Surya 27,Video games,518000
Sang penjelajah Amatir,Mystery | Travel,518000
Iman Games,Video games,518000
Dul Jaelani,Music & Dance,518000
GOO FUN,Humor,517000
FrogEZ-,Video games,517000
Dodi Hidayatullah,Music & Dance,517000
LabQi Gaming,Video games,517000
Resep Masakan enak,Food & Drinks,517000
TVLAIN,Humor,517000
ocehan burung,Animal & Pets,517000
Dadan Wijaya92,Music & Dance,516000
Pelita Timur,Music & Dance,516000
Android Rakun,Video games,516000
JAMBUL IJO,Daily vlogs,516000
TeleBadut,Humor,516000
Indah Aqila,Music & Dance,516000
Racun Skincare Viral,Beauty,516000
ILHAMIQBALAL (GEAM),Humor,516000
Drama Badut Official,Show | Humor,516000
YouthTV Indonesia,News & Politics,515000
alonelines,Music & Dance,515000
Prio Excellent,Animal & Pets,515000
LugNutz Auto Junkie,Autos & Vehicles,515000
Angger Papua,Daily vlogs,515000
Animal Universe,Animal & Pets,515000
Maheza Gaming,Video games,515000
tugus bayu channel.,Daily vlogs,515000
Gudang Artis,News & Politics,515000
GOMAWO UPDATE,Music & Dance,515000
Putra Damanik,Music & Dance,514000
NaO,Autos & Vehicles,514000
Nona Berlian,Daily vlogs,514000
Bass Nation Blitar,Music & Dance,514000
Hobah Bersama Music & Dance,Music & Dance,514000
Keluarga Arif Com ID,Education,513000
IDAY ADVENTURER,Daily vlogs,513000
Ulasan Tube,Education,513000
PACE KOMPUTER,Education,513000
Ciduk Warrior,Video games,513000
Katolikku Keren,Education,512000
Sunarto Clip,Humor,512000
ErDev,Science & Technology  ,512000
Mitty Zasia,Music & Dance,512000
Berbagi kisah,Education,512000
Ceciwi Entertainment,Music & Dance,512000
BayoBuan,Autos & Vehicles,512000
Nadine Zaaramecca,Family & Parenting,512000
Ayo Masak Ayo Makan,Food & Drinks,512000
Dapur Riara,Food & Drinks,512000
junfarabi,Music & Dance,512000
It's Putry,Animation,511000
Marcellino Andryan,Daily vlogs,511000
Sakura Manggar,Video games | Animation,511000
Wanda Hanan Rahayu,Fashion,511000
Pojok Ceu Inday,Food & Drinks,511000
Arzun HF,News & Politics,511000
Fahrul Fahrul,Education,511000
Kids Planet Indonesian,Animation,511000
Babeh Ary Entertainment,Daily vlogs,511000
OT PESONA - PURNAMA,Music & Dance | Show,511000
Tival Salsabila,Music & Dance,511000
PRIME FF,Video games,511000
ANR Rider,Autos & Vehicles,510000
Mbah Man Otak Atik Android,Education | Science & Technology,510000
The Lazy Monday,Video games,510000
Permata Musik,Music & Dance,510000
MAS KAMDI,Mystery,510000
FAJARGPJKT,Food & Drinks,510000
Bunda Dewi,Food & Drinks,510000
Ayyun azzuyyin,Beauty | Fashion,510000
Aneka Momen,Animation,510000
Askana Sakhi,Daily vlogs,509000
Ikyy Pahlevii,Music & Dance,509000
BagasDC,Video games,509000
Hesti Purwadinata,Daily vlogs,509000
Aris Prihantoro,Video games,509000
SKI Records,Music & Dance | Show,509000
Lathifu Syifa,Education | Health & Self Help,509000
Edy Marwan,Education,509000
Koplo Musik,Music & Dance,509000
delvira saskia,Daily vlogs,509000
Awen MAN,Music & Dance,508000
Anak Garut,Daily vlogs,508000
Xmood Roy,Video games,508000
The Mepilians,Daily vlogs,508000
Arjuna CN,Autos & Vehicles,508000
Natasya kitchen,Food & Drinks,508000
Dapur Cantik Channel,Food & Drinks,508000
Revolt Nation,Animation,508000
Andrey Legends,Animation,507000
Hidayat Squad,Daily vlogs,507000
Cristina Surya,Daily vlogs,507000
Bu GM,Food & Drinks | Daily vlogs,507000
Elly Marcellina,Daily vlogs,507000
MOBIL GAES,Toys,506000
Gudang Design,Design/art,506000
? Sakura.Blossom27 ?,Animation,506000
DPRDOTCOM,News & Politics,506000
Sahabat Islam,Education,506000
Z Sagala,Daily vlogs,506000
Darti Rahmah,Education,505000
DIBIKIN CHANNEL,News & Politics,505000
Babang Marboi,Show,505000
iTechLife,Science & Technology,505000
Ranty Maria,Daily vlogs,505000
Wielofa TV,Design/art,505000
Sonalibaba,Video games,505000
Onal Majan,Food & Drinks | Travel,505000
GITA KDI CHANNEL,Music & Dance,505000
Enjoy Channel News,News & Politics,505000
Myeeep,Video games,505000
Kios Komputer,Science & Technology,504000
Lein Xceed,Video games,504000
siftop studio,Show,504000
Domo Bramantyo,Food & Drinks,504000
Papa Tutor,Humor,504000
Riyadi TV,Show,504000
KJV Channel,Autos & Vehicles,504000
A&Fchannel,News & Politics,504000
Hello Mini ASMR,ASMR,504000
Masdddho,Music & Dance,503000
KULINER icip Rasa,Food & Drinks,503000
Ica Poetry Official,News & Politics,503000
Joesin translation,Education,503000
Rafiq Iqbal,Daily vlogs,503000
POPAYEftZORO,Animation,503000
651 SAFA,News & Politics,503000
marjuki_82channel,Animation,503000
bila salsabila official,Video games,503000
Toys Official,Toys,503000
Jian atya Tube,Food & Drinks,503000
Virlyanaaa,Animation,502000
KANG IRLAN,Daily vlogs,502000
Tarjo Kucingan,Food & Drinks,502000
Swara Nada Entertainment,Music & Dance,502000
BRI Education,Daily vlogs,502000
Fuad28 Toys,Toys,502000
Mata Langit,Mystery,502000
RandiFun,Daily vlogs,502000
GARISKA Records,Music & Dance,502000
Akrana Musik,Music & Dance,502000
Boboiboy Edit,Animation,501000
Ray Surajaya,Music & Dance,501000
Ulum Zaenal,Daily vlogs,501000
Angga LOF,Daily vlogs,501000
MUBAI OFFICIAL,Music & Dance | Show,501000
Mestika Dalimunthe,Daily vlogs,501000
Mie Pink,Animation,500000
Papa Limite,Video games,500000
The Raden Official,Mystery,500000
Moto Tarek,Toys,500000
Sarjan Upin,Animation,500000
